f1_macro;precision_macro;recall_macro;epochs;batch_size;validation_split;filters;kernel_size;conv_activation;conv_l2_regularizer;dropout_rate;dense_activation;dense_l2_regularizer;activation;optimizer;loss_function;units;trainable
0.929646450166587;0.9265251857240242;0.937375867410925;50;64;0.0;320;5;relu;0.01;0.0;relu;0.01;sigmoid;nadam;binary_crossentropy;256;False
0.9266194950731714;0.9194753115691556;0.9388963417318683;50;64;0.0;320;5;relu;0.01;0.0;relu;0.01;sigmoid;nadam;binary_crossentropy;64;False
0.9392213024096817;0.938463911573051;0.9417697646708119;50;64;0.0;320;5;relu;0.01;0.0;relu;0.001;sigmoid;nadam;binary_crossentropy;256;False
0.9175248866305596;0.9215844440934268;0.9238422942263689;50;64;0.0;320;5;relu;0.01;0.0;relu;0.001;sigmoid;nadam;binary_crossentropy;64;False
0.9318323126605806;0.9295458671766342;0.9366653929099126;50;64;0.0;320;5;relu;0.01;0.0;relu;0.0;sigmoid;nadam;binary_crossentropy;256;False
0.9226165760244796;0.9192721977126587;0.9337091151972226;50;64;0.0;320;5;relu;0.01;0.0;relu;0.0;sigmoid;nadam;binary_crossentropy;64;False
0.9180942831261898;0.9151769237395424;0.9292069383387377;50;64;0.0;320;5;relu;0.01;0.0;tanh;0.01;sigmoid;nadam;binary_crossentropy;256;False
0.9308835025275239;0.9224242128536527;0.943633652198705;50;64;0.0;320;5;relu;0.01;0.0;tanh;0.01;sigmoid;nadam;binary_crossentropy;64;False
0.9304250349436025;0.9174694752362779;0.947143369595091;50;64;0.0;320;5;relu;0.01;0.0;tanh;0.001;sigmoid;nadam;binary_crossentropy;256;False
0.9363213894672393;0.9326586155564577;0.9423589542933035;50;64;0.0;320;5;relu;0.01;0.0;tanh;0.001;sigmoid;nadam;binary_crossentropy;64;False
0.9277642143882018;0.928061848678781;0.9315673399373907;50;64;0.0;320;5;relu;0.01;0.0;tanh;0.0;sigmoid;nadam;binary_crossentropy;256;False
0.9352917546832129;0.9395458035154475;0.9371451801047668;50;64;0.0;320;5;relu;0.01;0.0;tanh;0.0;sigmoid;nadam;binary_crossentropy;64;False
0.894489641853963;0.9032226733927861;0.9092829059244811;50;64;0.0;320;5;relu;0.01;0.2;relu;0.01;sigmoid;nadam;binary_crossentropy;256;False
0.9039038222909828;0.9118005980131665;0.9159910105400201;50;64;0.0;320;5;relu;0.01;0.2;relu;0.01;sigmoid;nadam;binary_crossentropy;64;False
0.8788418390294922;0.9070406054753295;0.8888596344604265;50;64;0.0;320;5;relu;0.01;0.2;relu;0.001;sigmoid;nadam;binary_crossentropy;256;False
0.9213072008816081;0.9161223968961142;0.9351228674131107;50;64;0.0;320;5;relu;0.01;0.2;relu;0.001;sigmoid;nadam;binary_crossentropy;64;False
0.8904343446962819;0.8872585075417406;0.8959005927685524;50;64;0.0;320;5;relu;0.01;0.2;relu;0.0;sigmoid;nadam;binary_crossentropy;256;False
0.8903103230319445;0.9043004005179741;0.8986892610181633;50;64;0.0;320;5;relu;0.01;0.2;relu;0.0;sigmoid;nadam;binary_crossentropy;64;False
0.9118323848635377;0.9112622121797065;0.9296996243051019;50;64;0.0;320;5;relu;0.01;0.2;tanh;0.01;sigmoid;nadam;binary_crossentropy;256;False
0.9171654644214717;0.9229589525650599;0.9226327240901142;50;64;0.0;320;5;relu;0.01;0.2;tanh;0.01;sigmoid;nadam;binary_crossentropy;64;False
0.9278972369088647;0.9364092543293797;0.9253233198541828;50;64;0.0;320;5;relu;0.01;0.2;tanh;0.001;sigmoid;nadam;binary_crossentropy;256;False
0.9251248658067066;0.9216774530553046;0.9353452858161141;50;64;0.0;320;5;relu;0.01;0.2;tanh;0.001;sigmoid;nadam;binary_crossentropy;64;False
0.8996531474526099;0.8994708563827162;0.9015980943569237;50;64;0.0;320;5;relu;0.01;0.2;tanh;0.0;sigmoid;nadam;binary_crossentropy;256;False
0.8893435985614992;0.9287407042429183;0.8892126669571997;50;64;0.0;320;5;relu;0.01;0.2;tanh;0.0;sigmoid;nadam;binary_crossentropy;64;False
0.8635842973887689;0.8687055772206138;0.8969318341880028;50;64;0.0;320;5;relu;0.01;0.6;relu;0.01;sigmoid;nadam;binary_crossentropy;256;False
0.8894630002586194;0.9056692820776098;0.9017475653877837;50;64;0.0;320;5;relu;0.01;0.6;relu;0.01;sigmoid;nadam;binary_crossentropy;64;False
0.9327847920289655;0.93475338708035;0.9342298475776639;50;64;0.0;320;5;relu;0.01;0.6;relu;0.001;sigmoid;nadam;binary_crossentropy;256;False
0.9185863483751959;0.9160669812818842;0.9307671041499057;50;64;0.0;320;5;relu;0.01;0.6;relu;0.001;sigmoid;nadam;binary_crossentropy;64;False
0.8881994286645194;0.8976246189869072;0.9102462214064129;50;64;0.0;320;5;relu;0.01;0.6;relu;0.0;sigmoid;nadam;binary_crossentropy;256;False
0.9271501850058911;0.9428036492914375;0.916834444160936;50;64;0.0;320;5;relu;0.01;0.6;relu;0.0;sigmoid;nadam;binary_crossentropy;64;False
0.9178494911690167;0.9256170448286124;0.9228749312606782;50;64;0.0;320;5;relu;0.01;0.6;tanh;0.01;sigmoid;nadam;binary_crossentropy;256;False
0.9101537470852241;0.9196264559763685;0.9145933715594682;50;64;0.0;320;5;relu;0.01;0.6;tanh;0.01;sigmoid;nadam;binary_crossentropy;64;False
0.9241229509825901;0.9386439611881313;0.9172086609412521;50;64;0.0;320;5;relu;0.01;0.6;tanh;0.001;sigmoid;nadam;binary_crossentropy;256;False
0.8765431860233759;0.8975989488752416;0.8964129755043437;50;64;0.0;320;5;relu;0.01;0.6;tanh;0.001;sigmoid;nadam;binary_crossentropy;64;False
0.9358751246008568;0.9270669641038541;0.9473186039290121;50;64;0.0;320;5;relu;0.01;0.6;tanh;0.0;sigmoid;nadam;binary_crossentropy;256;False
0.9374618596180351;0.9341987544153015;0.9434136937151638;50;64;0.0;320;5;relu;0.01;0.6;tanh;0.0;sigmoid;nadam;binary_crossentropy;64;False
0.8989100106907635;0.9142326678328129;0.9026940543506503;50;64;0.0;320;5;relu;0.01;0.8;relu;0.01;sigmoid;nadam;binary_crossentropy;256;False
0.8873632813568925;0.8979845488008251;0.8959187578220412;50;64;0.0;320;5;relu;0.01;0.8;relu;0.01;sigmoid;nadam;binary_crossentropy;64;False
0.9177513407717205;0.9282825751426825;0.9151385199815406;50;64;0.0;320;5;relu;0.01;0.8;relu;0.001;sigmoid;nadam;binary_crossentropy;256;False
0.9096664011740735;0.9172626429878458;0.9157960842183378;50;64;0.0;320;5;relu;0.01;0.8;relu;0.001;sigmoid;nadam;binary_crossentropy;64;False
0.9179955323811916;0.907559451558148;0.9352657786300034;50;64;0.0;320;5;relu;0.01;0.8;relu;0.0;sigmoid;nadam;binary_crossentropy;256;False
0.9201136666803373;0.9137925558209163;0.9336127638642516;50;64;0.0;320;5;relu;0.01;0.8;relu;0.0;sigmoid;nadam;binary_crossentropy;64;False
0.8978681963302376;0.9277880197227786;0.8886531818915531;50;64;0.0;320;5;relu;0.01;0.8;tanh;0.01;sigmoid;nadam;binary_crossentropy;256;False
0.9109404974645507;0.8885513997278688;0.9438106747901491;50;64;0.0;320;5;relu;0.01;0.8;tanh;0.01;sigmoid;nadam;binary_crossentropy;64;False
0.9189781219169264;0.9221431494185837;0.9269010745962417;50;64;0.0;320;5;relu;0.01;0.8;tanh;0.001;sigmoid;nadam;binary_crossentropy;256;False
0.9178245405798571;0.9102767480077436;0.9312812181363093;50;64;0.0;320;5;relu;0.01;0.8;tanh;0.001;sigmoid;nadam;binary_crossentropy;64;False
0.9187223486597695;0.9192680473435255;0.9272849178983387;50;64;0.0;320;5;relu;0.01;0.8;tanh;0.0;sigmoid;nadam;binary_crossentropy;256;False
0.9254948636433484;0.924768238228474;0.9292717499983756;50;64;0.0;320;5;relu;0.01;0.8;tanh;0.0;sigmoid;nadam;binary_crossentropy;64;False
0.933410015887423;0.9347057324559451;0.9354610513756546;50;64;0.0;320;5;relu;0.001;0.0;relu;0.01;sigmoid;nadam;binary_crossentropy;256;False
0.9341074356907575;0.929535623803463;0.9428455351621787;50;64;0.0;320;5;relu;0.001;0.0;relu;0.01;sigmoid;nadam;binary_crossentropy;64;False
0.9418722533696997;0.9420686176113803;0.9446272269737177;50;64;0.0;320;5;relu;0.001;0.0;relu;0.001;sigmoid;nadam;binary_crossentropy;256;False
0.9306810636770175;0.937873281802478;0.9284247433000541;50;64;0.0;320;5;relu;0.001;0.0;relu;0.001;sigmoid;nadam;binary_crossentropy;64;False
0.9303572444874174;0.9452715408186931;0.9204495404379245;50;64;0.0;320;5;relu;0.001;0.0;relu;0.0;sigmoid;nadam;binary_crossentropy;256;False
0.9052051951059822;0.9128346452618284;0.9171172228164789;50;64;0.0;320;5;relu;0.001;0.0;relu;0.0;sigmoid;nadam;binary_crossentropy;64;False
0.9398580440388917;0.9476536654820805;0.9349394758219548;50;64;0.0;320;5;relu;0.001;0.0;tanh;0.01;sigmoid;nadam;binary_crossentropy;256;False
0.9407159786273512;0.9477385953242266;0.9372705424842345;50;64;0.0;320;5;relu;0.001;0.0;tanh;0.01;sigmoid;nadam;binary_crossentropy;64;False
0.9349310973299023;0.9333876466904997;0.9397872607050297;50;64;0.0;320;5;relu;0.001;0.0;tanh;0.001;sigmoid;nadam;binary_crossentropy;256;False
0.9372909771561613;0.9289553732132418;0.9485811275333168;50;64;0.0;320;5;relu;0.001;0.0;tanh;0.001;sigmoid;nadam;binary_crossentropy;64;False
0.8389780596024717;0.8280782653134793;0.8526430546334783;50;64;0.0;320;5;relu;0.001;0.0;tanh;0.0;sigmoid;nadam;binary_crossentropy;256;False
0.9386891295315796;0.9414943819473839;0.9393177691380638;50;64;0.0;320;5;relu;0.001;0.0;tanh;0.0;sigmoid;nadam;binary_crossentropy;64;False
0.9277148583792474;0.928422929705239;0.9328205452664318;50;64;0.0;320;5;relu;0.001;0.2;relu;0.01;sigmoid;nadam;binary_crossentropy;256;False
0.9054665709817916;0.8988148798048137;0.9304383092947994;50;64;0.0;320;5;relu;0.001;0.2;relu;0.01;sigmoid;nadam;binary_crossentropy;64;False
0.9365032280373958;0.9289956685863501;0.9485253779646318;50;64;0.0;320;5;relu;0.001;0.2;relu;0.001;sigmoid;nadam;binary_crossentropy;256;False
0.9373553443378555;0.9392184408234743;0.9383718847081104;50;64;0.0;320;5;relu;0.001;0.2;relu;0.001;sigmoid;nadam;binary_crossentropy;64;False
0.9222453502547328;0.9345017710275885;0.9179219324293865;50;64;0.0;320;5;relu;0.001;0.2;relu;0.0;sigmoid;nadam;binary_crossentropy;256;False
0.9287967145752705;0.9335074059977941;0.9294935834728001;50;64;0.0;320;5;relu;0.001;0.2;relu;0.0;sigmoid;nadam;binary_crossentropy;64;False
0.854303012189962;0.9186193156852562;0.8582098053173084;50;64;0.0;320;5;relu;0.001;0.2;tanh;0.01;sigmoid;nadam;binary_crossentropy;256;False
0.9360616373205701;0.9465468208455817;0.9296029287295404;50;64;0.0;320;5;relu;0.001;0.2;tanh;0.01;sigmoid;nadam;binary_crossentropy;64;False
0.9347145049422224;0.9434833345363852;0.9308160113489456;50;64;0.0;320;5;relu;0.001;0.2;tanh;0.001;sigmoid;nadam;binary_crossentropy;256;False
0.9387899373194489;0.9414433479881408;0.9392737019022188;50;64;0.0;320;5;relu;0.001;0.2;tanh;0.001;sigmoid;nadam;binary_crossentropy;64;False
0.8284992339653158;0.8714428249205903;0.8289305925889299;50;64;0.0;320;5;relu;0.001;0.2;tanh;0.0;sigmoid;nadam;binary_crossentropy;256;False
0.8874418393913631;0.8866370564173112;0.8925957280901635;50;64;0.0;320;5;relu;0.001;0.2;tanh;0.0;sigmoid;nadam;binary_crossentropy;64;False
0.9273669140682443;0.917791050558719;0.9422195463709772;50;64;0.0;320;5;relu;0.001;0.6;relu;0.01;sigmoid;nadam;binary_crossentropy;256;False
0.9330743008985858;0.9342151611706949;0.9351743924452341;50;64;0.0;320;5;relu;0.001;0.6;relu;0.01;sigmoid;nadam;binary_crossentropy;64;False
0.9370253911707846;0.9405664491230595;0.9369032891532806;50;64;0.0;320;5;relu;0.001;0.6;relu;0.001;sigmoid;nadam;binary_crossentropy;256;False
0.9320415110228785;0.9437832495983784;0.925904456536143;50;64;0.0;320;5;relu;0.001;0.6;relu;0.001;sigmoid;nadam;binary_crossentropy;64;False
0.938591535227214;0.9356741089261946;0.9435998028276268;50;64;0.0;320;5;relu;0.001;0.6;relu;0.0;sigmoid;nadam;binary_crossentropy;256;False
0.9220294416805526;0.9413565264698699;0.9123945719147676;50;64;0.0;320;5;relu;0.001;0.6;relu;0.0;sigmoid;nadam;binary_crossentropy;64;False
0.9373959204518749;0.9416790448140189;0.9348368865171114;50;64;0.0;320;5;relu;0.001;0.6;tanh;0.01;sigmoid;nadam;binary_crossentropy;256;False
0.9373319614196323;0.9387176570694141;0.9393267390231254;50;64;0.0;320;5;relu;0.001;0.6;tanh;0.01;sigmoid;nadam;binary_crossentropy;64;False
0.9262731441864389;0.9260664537355986;0.9309057798619408;50;64;0.0;320;5;relu;0.001;0.6;tanh;0.001;sigmoid;nadam;binary_crossentropy;256;False
0.920759512832479;0.9136644713075246;0.9386402741585755;50;64;0.0;320;5;relu;0.001;0.6;tanh;0.001;sigmoid;nadam;binary_crossentropy;64;False
0.9338887831714997;0.9356268480188975;0.9338448470894694;50;64;0.0;320;5;relu;0.001;0.6;tanh;0.0;sigmoid;nadam;binary_crossentropy;256;False
0.9305189166721627;0.9286330009644113;0.9369698264859542;50;64;0.0;320;5;relu;0.001;0.6;tanh;0.0;sigmoid;nadam;binary_crossentropy;64;False
0.9338423076420632;0.938564803564228;0.9331064159494925;50;64;0.0;320;5;relu;0.001;0.8;relu;0.01;sigmoid;nadam;binary_crossentropy;256;False
0.9346546590282191;0.9401175029518821;0.9356366693760186;50;64;0.0;320;5;relu;0.001;0.8;relu;0.01;sigmoid;nadam;binary_crossentropy;64;False
0.9353903529894472;0.942326774142041;0.9316553835768584;50;64;0.0;320;5;relu;0.001;0.8;relu;0.001;sigmoid;nadam;binary_crossentropy;256;False
0.9251092271456786;0.9314379434153371;0.9265916840882837;50;64;0.0;320;5;relu;0.001;0.8;relu;0.001;sigmoid;nadam;binary_crossentropy;64;False
0.9385571724998757;0.9237541971035981;0.9562741348780059;50;64;0.0;320;5;relu;0.001;0.8;relu;0.0;sigmoid;nadam;binary_crossentropy;256;False
0.9380795717381938;0.9310770313870762;0.9486263313236224;50;64;0.0;320;5;relu;0.001;0.8;relu;0.0;sigmoid;nadam;binary_crossentropy;64;False
0.9284443687630153;0.9307248901385033;0.9305910243911152;50;64;0.0;320;5;relu;0.001;0.8;tanh;0.01;sigmoid;nadam;binary_crossentropy;256;False
0.9287708492276396;0.9208016931445631;0.9423313789390025;50;64;0.0;320;5;relu;0.001;0.8;tanh;0.01;sigmoid;nadam;binary_crossentropy;64;False
0.9365147240123338;0.9414235967297977;0.934181322692298;50;64;0.0;320;5;relu;0.001;0.8;tanh;0.001;sigmoid;nadam;binary_crossentropy;256;False
0.935074375406686;0.9362220786848111;0.9364145680337946;50;64;0.0;320;5;relu;0.001;0.8;tanh;0.001;sigmoid;nadam;binary_crossentropy;64;False
0.9324907867865473;0.9434111549135651;0.9260668577522745;50;64;0.0;320;5;relu;0.001;0.8;tanh;0.0;sigmoid;nadam;binary_crossentropy;256;False
0.9352953896361855;0.9453272949656142;0.9283809085282979;50;64;0.0;320;5;relu;0.001;0.8;tanh;0.0;sigmoid;nadam;binary_crossentropy;64;False
0.927998415930625;0.937608330632609;0.9245475210221115;50;64;0.0;320;5;relu;0.0;0.0;relu;0.01;sigmoid;nadam;binary_crossentropy;256;False
0.9245480463376824;0.9431603713806377;0.9123607883170226;50;64;0.0;320;5;relu;0.0;0.0;relu;0.01;sigmoid;nadam;binary_crossentropy;64;False
0.9286490463757626;0.9400454991899592;0.9214431524881886;50;64;0.0;320;5;relu;0.0;0.0;relu;0.001;sigmoid;nadam;binary_crossentropy;256;False
0.9224615295197494;0.9269754368436891;0.9226800338960196;50;64;0.0;320;5;relu;0.0;0.0;relu;0.001;sigmoid;nadam;binary_crossentropy;64;False
0.9172160234612445;0.9407597421809519;0.9014005467183015;50;64;0.0;320;5;relu;0.0;0.0;relu;0.0;sigmoid;nadam;binary_crossentropy;256;False
0.9107331939044931;0.9428444286767237;0.8878319486784919;50;64;0.0;320;5;relu;0.0;0.0;relu;0.0;sigmoid;nadam;binary_crossentropy;64;False
0.9300988022483132;0.9278420440209676;0.9359991080228662;50;64;0.0;320;5;relu;0.0;0.0;tanh;0.01;sigmoid;nadam;binary_crossentropy;256;False
0.9240476276858173;0.9250713103480553;0.9292502517521518;50;64;0.0;320;5;relu;0.0;0.0;tanh;0.01;sigmoid;nadam;binary_crossentropy;64;False
0.9245289782901924;0.928759095524193;0.9233004937152005;50;64;0.0;320;5;relu;0.0;0.0;tanh;0.001;sigmoid;nadam;binary_crossentropy;256;False
0.9223499618201675;0.9276689344247087;0.9223276233818585;50;64;0.0;320;5;relu;0.0;0.0;tanh;0.001;sigmoid;nadam;binary_crossentropy;64;False
0.9191147822659025;0.9395565448485641;0.9057364691061578;50;64;0.0;320;5;relu;0.0;0.0;tanh;0.0;sigmoid;nadam;binary_crossentropy;256;False
0.9192393846542023;0.92853398752699;0.9154595499562914;50;64;0.0;320;5;relu;0.0;0.0;tanh;0.0;sigmoid;nadam;binary_crossentropy;64;False
0.9343192952650143;0.9428617070306716;0.9290629260301279;50;64;0.0;320;5;relu;0.0;0.2;relu;0.01;sigmoid;nadam;binary_crossentropy;256;False
0.8790670206738991;0.8819874661249834;0.8807122579740998;50;64;0.0;320;5;relu;0.0;0.2;relu;0.01;sigmoid;nadam;binary_crossentropy;64;False
0.9228449460749173;0.9271169227787572;0.9261179862011003;50;64;0.0;320;5;relu;0.0;0.2;relu;0.001;sigmoid;nadam;binary_crossentropy;256;False
0.9230421158481861;0.9335067618820949;0.9178837251259374;50;64;0.0;320;5;relu;0.0;0.2;relu;0.001;sigmoid;nadam;binary_crossentropy;64;False
0.9254561644155762;0.9366995360318416;0.9188593552173749;50;64;0.0;320;5;relu;0.0;0.2;relu;0.0;sigmoid;nadam;binary_crossentropy;256;False
0.9139127919567249;0.9393998543379641;0.8977234835685588;50;64;0.0;320;5;relu;0.0;0.2;relu;0.0;sigmoid;nadam;binary_crossentropy;64;False
0.9238303929319951;0.9354308857119271;0.9194393950668415;50;64;0.0;320;5;relu;0.0;0.2;tanh;0.01;sigmoid;nadam;binary_crossentropy;256;False
0.9228819467112708;0.9347937170136749;0.9163569247024208;50;64;0.0;320;5;relu;0.0;0.2;tanh;0.01;sigmoid;nadam;binary_crossentropy;64;False
0.932721056288691;0.9384095820163875;0.9297462563342862;50;64;0.0;320;5;relu;0.0;0.2;tanh;0.001;sigmoid;nadam;binary_crossentropy;256;False
0.9252001549634998;0.9352509625164807;0.9200385991852847;50;64;0.0;320;5;relu;0.0;0.2;tanh;0.001;sigmoid;nadam;binary_crossentropy;64;False
0.9209592822384366;0.9401435637842896;0.908436642591583;50;64;0.0;320;5;relu;0.0;0.2;tanh;0.0;sigmoid;nadam;binary_crossentropy;256;False
0.9214891150050029;0.9434155124610435;0.9060314549571311;50;64;0.0;320;5;relu;0.0;0.2;tanh;0.0;sigmoid;nadam;binary_crossentropy;64;False
0.9345701199034044;0.9308381891681371;0.9402858283010451;50;64;0.0;320;5;relu;0.0;0.6;relu;0.01;sigmoid;nadam;binary_crossentropy;256;False
0.9382893793551045;0.9266696029234398;0.9527631678225971;50;64;0.0;320;5;relu;0.0;0.6;relu;0.01;sigmoid;nadam;binary_crossentropy;64;False
0.9237697010580815;0.9288249407460718;0.9234029728799795;50;64;0.0;320;5;relu;0.0;0.6;relu;0.001;sigmoid;nadam;binary_crossentropy;256;False
0.9270407851911386;0.9419061612767783;0.9177856871284911;50;64;0.0;320;5;relu;0.0;0.6;relu;0.001;sigmoid;nadam;binary_crossentropy;64;False
0.9341795818448319;0.9370569253922486;0.9354201608131534;50;64;0.0;320;5;relu;0.0;0.6;relu;0.0;sigmoid;nadam;binary_crossentropy;256;False
0.9210457447337245;0.9297254266018969;0.9185180613802479;50;64;0.0;320;5;relu;0.0;0.6;relu;0.0;sigmoid;nadam;binary_crossentropy;64;False
0.9202496050818552;0.9339438451306075;0.9170511161807463;50;64;0.0;320;5;relu;0.0;0.6;tanh;0.01;sigmoid;nadam;binary_crossentropy;256;False
0.9299549519447667;0.9343621264459354;0.929335431685635;50;64;0.0;320;5;relu;0.0;0.6;tanh;0.01;sigmoid;nadam;binary_crossentropy;64;False
0.9252061156976497;0.9311246919376073;0.9240317519607929;50;64;0.0;320;5;relu;0.0;0.6;tanh;0.001;sigmoid;nadam;binary_crossentropy;256;False
0.8829881525333466;0.9150084029785764;0.885635318970875;50;64;0.0;320;5;relu;0.0;0.6;tanh;0.001;sigmoid;nadam;binary_crossentropy;64;False
0.9306460537003618;0.9241500681041657;0.9404830313089739;50;64;0.0;320;5;relu;0.0;0.6;tanh;0.0;sigmoid;nadam;binary_crossentropy;256;False
0.9228251247428645;0.9298611228927284;0.9204247017989273;50;64;0.0;320;5;relu;0.0;0.6;tanh;0.0;sigmoid;nadam;binary_crossentropy;64;False
0.931703706757084;0.928178931362946;0.9382504425212884;50;64;0.0;320;5;relu;0.0;0.8;relu;0.01;sigmoid;nadam;binary_crossentropy;256;False
0.930437817880622;0.9303245323570282;0.936520981905625;50;64;0.0;320;5;relu;0.0;0.8;relu;0.01;sigmoid;nadam;binary_crossentropy;64;False
0.9328825978308478;0.9255787045505922;0.9432287398467339;50;64;0.0;320;5;relu;0.0;0.8;relu;0.001;sigmoid;nadam;binary_crossentropy;256;False
0.932031438358705;0.9324834425938328;0.9360885991628125;50;64;0.0;320;5;relu;0.0;0.8;relu;0.001;sigmoid;nadam;binary_crossentropy;64;False
0.9318272584915748;0.9255394141570775;0.9405077842987696;50;64;0.0;320;5;relu;0.0;0.8;relu;0.0;sigmoid;nadam;binary_crossentropy;256;False
0.9297526361135444;0.9385069341267528;0.9249506111336234;50;64;0.0;320;5;relu;0.0;0.8;relu;0.0;sigmoid;nadam;binary_crossentropy;64;False
0.9208085930308829;0.9337481918546316;0.9143254736810462;50;64;0.0;320;5;relu;0.0;0.8;tanh;0.01;sigmoid;nadam;binary_crossentropy;256;False
0.932297536842676;0.9367331445618472;0.9307757956761815;50;64;0.0;320;5;relu;0.0;0.8;tanh;0.01;sigmoid;nadam;binary_crossentropy;64;False
0.9370462831828112;0.9295844013254871;0.9462656297145328;50;64;0.0;320;5;relu;0.0;0.8;tanh;0.001;sigmoid;nadam;binary_crossentropy;256;False
0.9234533063659255;0.9465460875892466;0.9078237254622126;50;64;0.0;320;5;relu;0.0;0.8;tanh;0.001;sigmoid;nadam;binary_crossentropy;64;False
0.9278253313724575;0.9294304145366384;0.9309619439594841;50;64;0.0;320;5;relu;0.0;0.8;tanh;0.0;sigmoid;nadam;binary_crossentropy;256;False
0.9292031253654904;0.9376875348308609;0.9243590349154388;50;64;0.0;320;5;relu;0.0;0.8;tanh;0.0;sigmoid;nadam;binary_crossentropy;64;False
0.8849746938536288;0.9023911949854669;0.8983089891210854;50;64;0.0;320;5;tanh;0.01;0.0;relu;0.01;sigmoid;nadam;binary_crossentropy;256;False
0.9242058693795009;0.9134349108336387;0.9428039508806677;50;64;0.0;320;5;tanh;0.01;0.0;relu;0.01;sigmoid;nadam;binary_crossentropy;64;False
0.9260856222294219;0.9286050433595443;0.9317737298460953;50;64;0.0;320;5;tanh;0.01;0.0;relu;0.001;sigmoid;nadam;binary_crossentropy;256;False
0.9198877050121892;0.9214687973507274;0.9273197989206844;50;64;0.0;320;5;tanh;0.01;0.0;relu;0.001;sigmoid;nadam;binary_crossentropy;64;False
0.9014844832707762;0.9288385501821891;0.905972800420899;50;64;0.0;320;5;tanh;0.01;0.0;relu;0.0;sigmoid;nadam;binary_crossentropy;256;False
0.8677519672811231;0.9247216401025469;0.8694486497731632;50;64;0.0;320;5;tanh;0.01;0.0;relu;0.0;sigmoid;nadam;binary_crossentropy;64;False
0.8287741227903032;0.8276969097987102;0.8331639962397445;50;64;0.0;320;5;tanh;0.01;0.0;tanh;0.01;sigmoid;nadam;binary_crossentropy;256;False
0.8980440263590227;0.9142137625339588;0.9088874664035517;50;64;0.0;320;5;tanh;0.01;0.0;tanh;0.01;sigmoid;nadam;binary_crossentropy;64;False
0.9324467487180901;0.9197811404299434;0.9480003172325825;50;64;0.0;320;5;tanh;0.01;0.0;tanh;0.001;sigmoid;nadam;binary_crossentropy;256;False
0.9233771964696548;0.9274037787930203;0.9286540606932556;50;64;0.0;320;5;tanh;0.01;0.0;tanh;0.001;sigmoid;nadam;binary_crossentropy;64;False
0.8860760773063528;0.889574761863296;0.8841474977690478;50;64;0.0;320;5;tanh;0.01;0.0;tanh;0.0;sigmoid;nadam;binary_crossentropy;256;False
0.9152404385963763;0.9151066842287839;0.9211068816388307;50;64;0.0;320;5;tanh;0.01;0.0;tanh;0.0;sigmoid;nadam;binary_crossentropy;64;False
0.8971838450722858;0.8958181710678319;0.9160800241435029;50;64;0.0;320;5;tanh;0.01;0.2;relu;0.01;sigmoid;nadam;binary_crossentropy;256;False
0.8956986546851249;0.9023183710508478;0.913331932896663;50;64;0.0;320;5;tanh;0.01;0.2;relu;0.01;sigmoid;nadam;binary_crossentropy;64;False
0.9313684892597196;0.9279188570528083;0.9382871094228029;50;64;0.0;320;5;tanh;0.01;0.2;relu;0.001;sigmoid;nadam;binary_crossentropy;256;False
0.9280487574507619;0.9303883918683639;0.9318915520174578;50;64;0.0;320;5;tanh;0.01;0.2;relu;0.001;sigmoid;nadam;binary_crossentropy;64;False
0.9234351089477448;0.9205732248133437;0.9308111117726284;50;64;0.0;320;5;tanh;0.01;0.2;relu;0.0;sigmoid;nadam;binary_crossentropy;256;False
0.9258746353012738;0.911841068788229;0.9480292376250912;50;64;0.0;320;5;tanh;0.01;0.2;relu;0.0;sigmoid;nadam;binary_crossentropy;64;False
0.9223155754579251;0.9269472116201213;0.9249705794416123;50;64;0.0;320;5;tanh;0.01;0.2;tanh;0.01;sigmoid;nadam;binary_crossentropy;256;False
0.9189336757261246;0.923613062447329;0.9246021497936839;50;64;0.0;320;5;tanh;0.01;0.2;tanh;0.01;sigmoid;nadam;binary_crossentropy;64;False
0.8628647799681906;0.8998343076225572;0.8870888297059603;50;64;0.0;320;5;tanh;0.01;0.2;tanh;0.001;sigmoid;nadam;binary_crossentropy;256;False
0.9350628904467204;0.9279544689193127;0.9457195401380509;50;64;0.0;320;5;tanh;0.01;0.2;tanh;0.001;sigmoid;nadam;binary_crossentropy;64;False
0.8655887552026696;0.8489180642601655;0.8924339418272975;50;64;0.0;320;5;tanh;0.01;0.2;tanh;0.0;sigmoid;nadam;binary_crossentropy;256;False
0.8362054141650365;0.9214759648751585;0.8462138504902322;50;64;0.0;320;5;tanh;0.01;0.2;tanh;0.0;sigmoid;nadam;binary_crossentropy;64;False
0.9280884336168693;0.9188029044525828;0.9446243502193274;50;64;0.0;320;5;tanh;0.01;0.6;relu;0.01;sigmoid;nadam;binary_crossentropy;256;False
0.9116771794264309;0.9065417727654218;0.9260172592743696;50;64;0.0;320;5;tanh;0.01;0.6;relu;0.01;sigmoid;nadam;binary_crossentropy;64;False
0.8604297148257107;0.9020325723253251;0.874783867483153;50;64;0.0;320;5;tanh;0.01;0.6;relu;0.001;sigmoid;nadam;binary_crossentropy;256;False
0.9071068114394221;0.9155085709354503;0.9164782191371834;50;64;0.0;320;5;tanh;0.01;0.6;relu;0.001;sigmoid;nadam;binary_crossentropy;64;False
0.9066178941308364;0.8996829802413535;0.9285276598719279;50;64;0.0;320;5;tanh;0.01;0.6;relu;0.0;sigmoid;nadam;binary_crossentropy;256;False
0.9342231283613491;0.9268524135881652;0.9459174951719163;50;64;0.0;320;5;tanh;0.01;0.6;relu;0.0;sigmoid;nadam;binary_crossentropy;64;False
0.9131622165719258;0.9137916169905251;0.9262035688263749;50;64;0.0;320;5;tanh;0.01;0.6;tanh;0.01;sigmoid;nadam;binary_crossentropy;256;False
0.9272697568840271;0.9066178712131947;0.9535239186569748;50;64;0.0;320;5;tanh;0.01;0.6;tanh;0.01;sigmoid;nadam;binary_crossentropy;64;False
0.9089392815797831;0.9011652072614357;0.9316303422840783;50;64;0.0;320;5;tanh;0.01;0.6;tanh;0.001;sigmoid;nadam;binary_crossentropy;256;False
0.9251077373491864;0.920422653111497;0.9368826629297968;50;64;0.0;320;5;tanh;0.01;0.6;tanh;0.001;sigmoid;nadam;binary_crossentropy;64;False
0.9133978700215852;0.9103663897459173;0.9276098703930001;50;64;0.0;320;5;tanh;0.01;0.6;tanh;0.0;sigmoid;nadam;binary_crossentropy;256;False
0.892444174807175;0.9088234648224965;0.8947329233598357;50;64;0.0;320;5;tanh;0.01;0.6;tanh;0.0;sigmoid;nadam;binary_crossentropy;64;False
0.9060366728918601;0.9160172314862869;0.908337806047706;50;64;0.0;320;5;tanh;0.01;0.8;relu;0.01;sigmoid;nadam;binary_crossentropy;256;False
0.9094128061031626;0.8990134688314526;0.9332602252975868;50;64;0.0;320;5;tanh;0.01;0.8;relu;0.01;sigmoid;nadam;binary_crossentropy;64;False
0.9294443321847693;0.9254952800675772;0.9378646291968614;50;64;0.0;320;5;tanh;0.01;0.8;relu;0.001;sigmoid;nadam;binary_crossentropy;256;False
0.928829777982908;0.9083998193342872;0.954539709256227;50;64;0.0;320;5;tanh;0.01;0.8;relu;0.001;sigmoid;nadam;binary_crossentropy;64;False
0.9063809682669228;0.90499289036646;0.9206020908608504;50;64;0.0;320;5;tanh;0.01;0.8;relu;0.0;sigmoid;nadam;binary_crossentropy;256;False
0.9134729386212597;0.896501776036847;0.9378707305325674;50;64;0.0;320;5;tanh;0.01;0.8;relu;0.0;sigmoid;nadam;binary_crossentropy;64;False
0.9065961377443411;0.9187461624066913;0.9123761800129786;50;64;0.0;320;5;tanh;0.01;0.8;tanh;0.01;sigmoid;nadam;binary_crossentropy;256;False
0.9207664423010943;0.9232724955057853;0.9256435383362897;50;64;0.0;320;5;tanh;0.01;0.8;tanh;0.01;sigmoid;nadam;binary_crossentropy;64;False
0.9167350812130104;0.920078510370692;0.9226400958761583;50;64;0.0;320;5;tanh;0.01;0.8;tanh;0.001;sigmoid;nadam;binary_crossentropy;256;False
0.9228906197435431;0.931236771339214;0.9227783402494328;50;64;0.0;320;5;tanh;0.01;0.8;tanh;0.001;sigmoid;nadam;binary_crossentropy;64;False
0.9131832942452736;0.933620070260434;0.9067773557487138;50;64;0.0;320;5;tanh;0.01;0.8;tanh;0.0;sigmoid;nadam;binary_crossentropy;256;False
0.9233261968568037;0.9210535806497024;0.9327170424215959;50;64;0.0;320;5;tanh;0.01;0.8;tanh;0.0;sigmoid;nadam;binary_crossentropy;64;False
0.9392526584852176;0.940809987853048;0.9421064026971676;50;64;0.0;320;5;tanh;0.001;0.0;relu;0.01;sigmoid;nadam;binary_crossentropy;256;False
0.9376902859095493;0.9246561987912333;0.9535963900658275;50;64;0.0;320;5;tanh;0.001;0.0;relu;0.01;sigmoid;nadam;binary_crossentropy;64;False
0.9320077305837108;0.9233900497534305;0.9450000800386871;50;64;0.0;320;5;tanh;0.001;0.0;relu;0.001;sigmoid;nadam;binary_crossentropy;256;False
0.8921152106416483;0.9187485224635188;0.9104694448156548;50;64;0.0;320;5;tanh;0.001;0.0;relu;0.001;sigmoid;nadam;binary_crossentropy;64;False
0.9172504401910114;0.9055754236139115;0.9428094277326966;50;64;0.0;320;5;tanh;0.001;0.0;relu;0.0;sigmoid;nadam;binary_crossentropy;256;False
0.9360131173045501;0.9491770026772629;0.926468787525834;50;64;0.0;320;5;tanh;0.001;0.0;relu;0.0;sigmoid;nadam;binary_crossentropy;64;False
0.9413803481264958;0.9414198035777643;0.9433342767232495;50;64;0.0;320;5;tanh;0.001;0.0;tanh;0.01;sigmoid;nadam;binary_crossentropy;256;False
0.9292568222613384;0.924981510062852;0.9405660279228296;50;64;0.0;320;5;tanh;0.001;0.0;tanh;0.01;sigmoid;nadam;binary_crossentropy;64;False
0.9371253119765723;0.9447540039626672;0.9324894913649844;50;64;0.0;320;5;tanh;0.001;0.0;tanh;0.001;sigmoid;nadam;binary_crossentropy;256;False
0.8986016275440616;0.9218361936870358;0.8961380503946753;50;64;0.0;320;5;tanh;0.001;0.0;tanh;0.001;sigmoid;nadam;binary_crossentropy;64;False
0.9365985201818784;0.9260339972832572;0.9490570841478114;50;64;0.0;320;5;tanh;0.001;0.0;tanh;0.0;sigmoid;nadam;binary_crossentropy;256;False
0.9106733221339413;0.941467565007969;0.9096735119575706;50;64;0.0;320;5;tanh;0.001;0.0;tanh;0.0;sigmoid;nadam;binary_crossentropy;64;False
0.923761089737887;0.9250287690506985;0.9312253034713013;50;64;0.0;320;5;tanh;0.001;0.2;relu;0.01;sigmoid;nadam;binary_crossentropy;256;False
0.9370249546008242;0.9307188980012426;0.9475044248989544;50;64;0.0;320;5;tanh;0.001;0.2;relu;0.01;sigmoid;nadam;binary_crossentropy;64;False
0.9313997203285391;0.9234149814031156;0.9444112454731863;50;64;0.0;320;5;tanh;0.001;0.2;relu;0.001;sigmoid;nadam;binary_crossentropy;256;False
0.9316963591101011;0.9213121625107098;0.945568537301226;50;64;0.0;320;5;tanh;0.001;0.2;relu;0.001;sigmoid;nadam;binary_crossentropy;64;False
0.8822582806881265;0.8756772843738508;0.8913491525334578;50;64;0.0;320;5;tanh;0.001;0.2;relu;0.0;sigmoid;nadam;binary_crossentropy;256;False
0.9326289678445342;0.9264246799621724;0.9409896299679902;50;64;0.0;320;5;tanh;0.001;0.2;relu;0.0;sigmoid;nadam;binary_crossentropy;64;False
0.9373114149464857;0.9325242895285195;0.9469303594395658;50;64;0.0;320;5;tanh;0.001;0.2;tanh;0.01;sigmoid;nadam;binary_crossentropy;256;False
0.9390416211348592;0.9241172090306723;0.9564422819990416;50;64;0.0;320;5;tanh;0.001;0.2;tanh;0.01;sigmoid;nadam;binary_crossentropy;64;False
0.8681583803625801;0.8638599112291242;0.8841504647496959;50;64;0.0;320;5;tanh;0.001;0.2;tanh;0.001;sigmoid;nadam;binary_crossentropy;256;False
0.9337148051942415;0.9262481317474582;0.9443242771085135;50;64;0.0;320;5;tanh;0.001;0.2;tanh;0.001;sigmoid;nadam;binary_crossentropy;64;False
0.9326388657137341;0.9327401632289337;0.9351261336713733;50;64;0.0;320;5;tanh;0.001;0.2;tanh;0.0;sigmoid;nadam;binary_crossentropy;256;False
0.9258872440270638;0.9392194296963552;0.91819226025642;50;64;0.0;320;5;tanh;0.001;0.2;tanh;0.0;sigmoid;nadam;binary_crossentropy;64;False
0.9362523344552238;0.9320445728314656;0.9440472753615339;50;64;0.0;320;5;tanh;0.001;0.6;relu;0.01;sigmoid;nadam;binary_crossentropy;256;False
0.9256131897036106;0.9164837621030977;0.9420428459367998;50;64;0.0;320;5;tanh;0.001;0.6;relu;0.01;sigmoid;nadam;binary_crossentropy;64;False
0.9311584670888967;0.9323544722240568;0.9366448201936505;50;64;0.0;320;5;tanh;0.001;0.6;relu;0.001;sigmoid;nadam;binary_crossentropy;256;False
0.9360078549359523;0.9383862697069182;0.9366713818660279;50;64;0.0;320;5;tanh;0.001;0.6;relu;0.001;sigmoid;nadam;binary_crossentropy;64;False
0.9268826834890629;0.9270800220083256;0.9299553829128471;50;64;0.0;320;5;tanh;0.001;0.6;relu;0.0;sigmoid;nadam;binary_crossentropy;256;False
0.9325193185134424;0.9314327165091127;0.9371386159612811;50;64;0.0;320;5;tanh;0.001;0.6;relu;0.0;sigmoid;nadam;binary_crossentropy;64;False
0.9342527932639346;0.9388504484394083;0.933315668998547;50;64;0.0;320;5;tanh;0.001;0.6;tanh;0.01;sigmoid;nadam;binary_crossentropy;256;False
0.9347941261706773;0.9272579327207419;0.949179218556299;50;64;0.0;320;5;tanh;0.001;0.6;tanh;0.01;sigmoid;nadam;binary_crossentropy;64;False
0.9377410861236666;0.9373519756059382;0.940394010406789;50;64;0.0;320;5;tanh;0.001;0.6;tanh;0.001;sigmoid;nadam;binary_crossentropy;256;False
0.9272988246094627;0.9386802686226925;0.9222090808915484;50;64;0.0;320;5;tanh;0.001;0.6;tanh;0.001;sigmoid;nadam;binary_crossentropy;64;False
0.9192561394977175;0.9309063964826059;0.9161142495116007;50;64;0.0;320;5;tanh;0.001;0.6;tanh;0.0;sigmoid;nadam;binary_crossentropy;256;False
0.9353321206475493;0.9407177429480298;0.9320430657691006;50;64;0.0;320;5;tanh;0.001;0.6;tanh;0.0;sigmoid;nadam;binary_crossentropy;64;False
0.9315079811171658;0.9268519907506642;0.9404452408309127;50;64;0.0;320;5;tanh;0.001;0.8;relu;0.01;sigmoid;nadam;binary_crossentropy;256;False
0.9369159319119291;0.9281102992515489;0.950771145899459;50;64;0.0;320;5;tanh;0.001;0.8;relu;0.01;sigmoid;nadam;binary_crossentropy;64;False
0.9411410164593768;0.9332581947383194;0.9521756546297709;50;64;0.0;320;5;tanh;0.001;0.8;relu;0.001;sigmoid;nadam;binary_crossentropy;256;False
0.9384784586341874;0.9289785840653069;0.9505301265020348;50;64;0.0;320;5;tanh;0.001;0.8;relu;0.001;sigmoid;nadam;binary_crossentropy;64;False
0.9347278828385249;0.9325000314190316;0.9394016134142147;50;64;0.0;320;5;tanh;0.001;0.8;relu;0.0;sigmoid;nadam;binary_crossentropy;256;False
0.9317881159239281;0.9351742726927812;0.9314244824745407;50;64;0.0;320;5;tanh;0.001;0.8;relu;0.0;sigmoid;nadam;binary_crossentropy;64;False
0.9346531059809348;0.9313823388110343;0.9415593939250104;50;64;0.0;320;5;tanh;0.001;0.8;tanh;0.01;sigmoid;nadam;binary_crossentropy;256;False
0.9315163562494545;0.9295522574422007;0.9375156367962058;50;64;0.0;320;5;tanh;0.001;0.8;tanh;0.01;sigmoid;nadam;binary_crossentropy;64;False
0.9266386543342297;0.9352392592945626;0.9216958228440081;50;64;0.0;320;5;tanh;0.001;0.8;tanh;0.001;sigmoid;nadam;binary_crossentropy;256;False
0.9371412271290052;0.9353805354266769;0.9412877771573627;50;64;0.0;320;5;tanh;0.001;0.8;tanh;0.001;sigmoid;nadam;binary_crossentropy;64;False
0.9275193035329237;0.9420590994776055;0.9184299006657287;50;64;0.0;320;5;tanh;0.001;0.8;tanh;0.0;sigmoid;nadam;binary_crossentropy;256;False
0.9343417330058053;0.9390832598194223;0.9337408842350328;50;64;0.0;320;5;tanh;0.001;0.8;tanh;0.0;sigmoid;nadam;binary_crossentropy;64;False
0.9364103589478517;0.9363049243898718;0.9390961568643492;50;64;0.0;320;5;tanh;0.0;0.0;relu;0.01;sigmoid;nadam;binary_crossentropy;256;False
0.9385444409650547;0.9335363669441188;0.9459165001406961;50;64;0.0;320;5;tanh;0.0;0.0;relu;0.01;sigmoid;nadam;binary_crossentropy;64;False
0.9309825650836855;0.9324211103624018;0.9333658592175273;50;64;0.0;320;5;tanh;0.0;0.0;relu;0.001;sigmoid;nadam;binary_crossentropy;256;False
0.9357645413878991;0.932089930767672;0.942856945769232;50;64;0.0;320;5;tanh;0.0;0.0;relu;0.001;sigmoid;nadam;binary_crossentropy;64;False
0.9224626027700678;0.9459681434603384;0.9054273064582021;50;64;0.0;320;5;tanh;0.0;0.0;relu;0.0;sigmoid;nadam;binary_crossentropy;256;False
0.9202767187880478;0.9341135678327778;0.9118007018446178;50;64;0.0;320;5;tanh;0.0;0.0;relu;0.0;sigmoid;nadam;binary_crossentropy;64;False
0.9324288217888693;0.9351252583629744;0.9336846014990459;50;64;0.0;320;5;tanh;0.0;0.0;tanh;0.01;sigmoid;nadam;binary_crossentropy;256;False
0.9342298899172867;0.9295390108888641;0.9430972740414573;50;64;0.0;320;5;tanh;0.0;0.0;tanh;0.01;sigmoid;nadam;binary_crossentropy;64;False
0.9310149804796616;0.9324221284437147;0.9335952694532133;50;64;0.0;320;5;tanh;0.0;0.0;tanh;0.001;sigmoid;nadam;binary_crossentropy;256;False
0.9298451991032269;0.9325412976018557;0.9318106814473402;50;64;0.0;320;5;tanh;0.0;0.0;tanh;0.001;sigmoid;nadam;binary_crossentropy;64;False
0.9216640067250588;0.9367224481246232;0.91306881304747;50;64;0.0;320;5;tanh;0.0;0.0;tanh;0.0;sigmoid;nadam;binary_crossentropy;256;False
0.9249790628647316;0.9374792482816723;0.9191687134886537;50;64;0.0;320;5;tanh;0.0;0.0;tanh;0.0;sigmoid;nadam;binary_crossentropy;64;False
0.9349101620650038;0.9424441021924128;0.9310567169634936;50;64;0.0;320;5;tanh;0.0;0.2;relu;0.01;sigmoid;nadam;binary_crossentropy;256;False
0.9351152903078702;0.929109602710606;0.944606646775384;50;64;0.0;320;5;tanh;0.0;0.2;relu;0.01;sigmoid;nadam;binary_crossentropy;64;False
0.9362854398122822;0.9246400819083392;0.9500358671632204;50;64;0.0;320;5;tanh;0.0;0.2;relu;0.001;sigmoid;nadam;binary_crossentropy;256;False
0.9282726671844296;0.935032981629486;0.9256258373077205;50;64;0.0;320;5;tanh;0.0;0.2;relu;0.001;sigmoid;nadam;binary_crossentropy;64;False
0.9282266782766941;0.9363297046126048;0.9243378934769357;50;64;0.0;320;5;tanh;0.0;0.2;relu;0.0;sigmoid;nadam;binary_crossentropy;256;False
0.9262028334235458;0.9332087714380661;0.9238334346584048;50;64;0.0;320;5;tanh;0.0;0.2;relu;0.0;sigmoid;nadam;binary_crossentropy;64;False
0.9338733007212129;0.9266775552208507;0.9444075530727135;50;64;0.0;320;5;tanh;0.0;0.2;tanh;0.01;sigmoid;nadam;binary_crossentropy;256;False
0.9382981450767511;0.9261674618993329;0.9529514705719594;50;64;0.0;320;5;tanh;0.0;0.2;tanh;0.01;sigmoid;nadam;binary_crossentropy;64;False
0.9262203198584356;0.939107462639357;0.9197539835152879;50;64;0.0;320;5;tanh;0.0;0.2;tanh;0.001;sigmoid;nadam;binary_crossentropy;256;False
0.9304607216332066;0.9368047202076708;0.9284886602588216;50;64;0.0;320;5;tanh;0.0;0.2;tanh;0.001;sigmoid;nadam;binary_crossentropy;64;False
0.9219410020714515;0.9309157387515048;0.9190150967570627;50;64;0.0;320;5;tanh;0.0;0.2;tanh;0.0;sigmoid;nadam;binary_crossentropy;256;False
0.924410357698429;0.930693762332042;0.923410358727768;50;64;0.0;320;5;tanh;0.0;0.2;tanh;0.0;sigmoid;nadam;binary_crossentropy;64;False
0.9322287630420103;0.926401774959636;0.9410755929537853;50;64;0.0;320;5;tanh;0.0;0.6;relu;0.01;sigmoid;nadam;binary_crossentropy;256;False
0.9368539689993526;0.927278651710434;0.9498454508435508;50;64;0.0;320;5;tanh;0.0;0.6;relu;0.01;sigmoid;nadam;binary_crossentropy;64;False
0.9347778105127589;0.9368462174706897;0.9359437334436171;50;64;0.0;320;5;tanh;0.0;0.6;relu;0.001;sigmoid;nadam;binary_crossentropy;256;False
0.9311814164489484;0.9322680420326327;0.9343319195617168;50;64;0.0;320;5;tanh;0.0;0.6;relu;0.001;sigmoid;nadam;binary_crossentropy;64;False
0.9329374552504728;0.9308403589519407;0.9388158731016111;50;64;0.0;320;5;tanh;0.0;0.6;relu;0.0;sigmoid;nadam;binary_crossentropy;256;False
0.9364117589938411;0.9388919968948641;0.9357226435468746;50;64;0.0;320;5;tanh;0.0;0.6;relu;0.0;sigmoid;nadam;binary_crossentropy;64;False
0.9388037891103689;0.9452743475998295;0.9350069139645338;50;64;0.0;320;5;tanh;0.0;0.6;tanh;0.01;sigmoid;nadam;binary_crossentropy;256;False
0.9354780153984953;0.9360700211542122;0.937824279628298;50;64;0.0;320;5;tanh;0.0;0.6;tanh;0.01;sigmoid;nadam;binary_crossentropy;64;False
0.9295408077647691;0.9344116691384052;0.9290914745394744;50;64;0.0;320;5;tanh;0.0;0.6;tanh;0.001;sigmoid;nadam;binary_crossentropy;256;False
0.9376953098364446;0.937971623133496;0.9399091774029082;50;64;0.0;320;5;tanh;0.0;0.6;tanh;0.001;sigmoid;nadam;binary_crossentropy;64;False
0.9290599819080436;0.9407446229725082;0.9212500490703655;50;64;0.0;320;5;tanh;0.0;0.6;tanh;0.0;sigmoid;nadam;binary_crossentropy;256;False
0.9283951437293299;0.9364195552220222;0.92473523500291;50;64;0.0;320;5;tanh;0.0;0.6;tanh;0.0;sigmoid;nadam;binary_crossentropy;64;False
0.9387430964161693;0.9405202841184332;0.9388636862676017;50;64;0.0;320;5;tanh;0.0;0.8;relu;0.01;sigmoid;nadam;binary_crossentropy;256;False
0.9389618655162609;0.9422237613650374;0.9376471564883883;50;64;0.0;320;5;tanh;0.0;0.8;relu;0.01;sigmoid;nadam;binary_crossentropy;64;False
0.9357749987894174;0.9378995478154994;0.9359912816677248;50;64;0.0;320;5;tanh;0.0;0.8;relu;0.001;sigmoid;nadam;binary_crossentropy;256;False
0.9311925501756637;0.9345325021654171;0.931485373040795;50;64;0.0;320;5;tanh;0.0;0.8;relu;0.001;sigmoid;nadam;binary_crossentropy;64;False
0.9311368229525847;0.9359168294753628;0.9284614634437169;50;64;0.0;320;5;tanh;0.0;0.8;relu;0.0;sigmoid;nadam;binary_crossentropy;256;False
0.9272292502197594;0.9327642588973328;0.9259917712791548;50;64;0.0;320;5;tanh;0.0;0.8;relu;0.0;sigmoid;nadam;binary_crossentropy;64;False
0.9334543423632367;0.9409756464162786;0.9282069457046317;50;64;0.0;320;5;tanh;0.0;0.8;tanh;0.01;sigmoid;nadam;binary_crossentropy;256;False
0.937323072121002;0.9314724539754604;0.9458669761782674;50;64;0.0;320;5;tanh;0.0;0.8;tanh;0.01;sigmoid;nadam;binary_crossentropy;64;False
0.9311087348946716;0.9281091535577446;0.9369645147476398;50;64;0.0;320;5;tanh;0.0;0.8;tanh;0.001;sigmoid;nadam;binary_crossentropy;256;False
0.9368566492709725;0.9303478984883945;0.9459194995425619;50;64;0.0;320;5;tanh;0.0;0.8;tanh;0.001;sigmoid;nadam;binary_crossentropy;64;False
0.9245690778055728;0.9420355841051687;0.9132091537694886;50;64;0.0;320;5;tanh;0.0;0.8;tanh;0.0;sigmoid;nadam;binary_crossentropy;256;False
0.9271134818353236;0.9352073655108954;0.9222856729873745;50;64;0.0;320;5;tanh;0.0;0.8;tanh;0.0;sigmoid;nadam;binary_crossentropy;64;False
0.9392883027355146;0.9277666671108928;0.9548732095224146;75;64;0.0;320;5;relu;0.01;0.0;relu;0.01;sigmoid;nadam;binary_crossentropy;256;False
0.9303473403356733;0.9249077213443423;0.9421775602873327;75;64;0.0;320;5;relu;0.01;0.0;relu;0.01;sigmoid;nadam;binary_crossentropy;64;False
0.9186555125633704;0.9233633401837464;0.9249702135215745;75;64;0.0;320;5;relu;0.01;0.0;relu;0.001;sigmoid;nadam;binary_crossentropy;256;False
0.9298532436954583;0.9427145680373181;0.9248987576696572;75;64;0.0;320;5;relu;0.01;0.0;relu;0.001;sigmoid;nadam;binary_crossentropy;64;False
0.9314273736506854;0.9270409954261407;0.9413581333457339;75;64;0.0;320;5;relu;0.01;0.0;relu;0.0;sigmoid;nadam;binary_crossentropy;256;False
0.9244790458653316;0.92777988976359;0.9288446342091425;75;64;0.0;320;5;relu;0.01;0.0;relu;0.0;sigmoid;nadam;binary_crossentropy;64;False
0.9113967306971965;0.9143369550559542;0.9242795889328604;75;64;0.0;320;5;relu;0.01;0.0;tanh;0.01;sigmoid;nadam;binary_crossentropy;256;False
0.9286519827108402;0.9403375898748895;0.9245890887743219;75;64;0.0;320;5;relu;0.01;0.0;tanh;0.01;sigmoid;nadam;binary_crossentropy;64;False
0.9261175594505342;0.9292254862227587;0.9276234897543366;75;64;0.0;320;5;relu;0.01;0.0;tanh;0.001;sigmoid;nadam;binary_crossentropy;256;False
0.9385862421655394;0.9421324928011146;0.9389886287020275;75;64;0.0;320;5;relu;0.01;0.0;tanh;0.001;sigmoid;nadam;binary_crossentropy;64;False
0.8892350494164425;0.8746059398788028;0.9061560425531446;75;64;0.0;320;5;relu;0.01;0.0;tanh;0.0;sigmoid;nadam;binary_crossentropy;256;False
0.9224541729042783;0.9256003799355117;0.9228176571902402;75;64;0.0;320;5;relu;0.01;0.0;tanh;0.0;sigmoid;nadam;binary_crossentropy;64;False
0.9244068816151151;0.9272571872025956;0.9287699415896492;75;64;0.0;320;5;relu;0.01;0.2;relu;0.01;sigmoid;nadam;binary_crossentropy;256;False
0.8981810520734419;0.9212903902202683;0.896609025544495;75;64;0.0;320;5;relu;0.01;0.2;relu;0.01;sigmoid;nadam;binary_crossentropy;64;False
0.9316220124529732;0.9182730662241957;0.9496329351704679;75;64;0.0;320;5;relu;0.01;0.2;relu;0.001;sigmoid;nadam;binary_crossentropy;256;False
0.9212563219967013;0.9216549138204535;0.9323122537038125;75;64;0.0;320;5;relu;0.01;0.2;relu;0.001;sigmoid;nadam;binary_crossentropy;64;False
0.9317338497371452;0.9366826041796908;0.9313723422690495;75;64;0.0;320;5;relu;0.01;0.2;relu;0.0;sigmoid;nadam;binary_crossentropy;256;False
0.9019760295715991;0.903959242703069;0.918581064797514;75;64;0.0;320;5;relu;0.01;0.2;relu;0.0;sigmoid;nadam;binary_crossentropy;64;False
0.9259315337619898;0.9171224074279319;0.939966205331922;75;64;0.0;320;5;relu;0.01;0.2;tanh;0.01;sigmoid;nadam;binary_crossentropy;256;False
0.9154118199619408;0.9267932469079314;0.9143866852231829;75;64;0.0;320;5;relu;0.01;0.2;tanh;0.01;sigmoid;nadam;binary_crossentropy;64;False
0.9321651484159453;0.9141449634710579;0.9553943895210673;75;64;0.0;320;5;relu;0.01;0.2;tanh;0.001;sigmoid;nadam;binary_crossentropy;256;False
0.9284873663150849;0.9258567191037661;0.9378919385498541;75;64;0.0;320;5;relu;0.01;0.2;tanh;0.001;sigmoid;nadam;binary_crossentropy;64;False
0.9232329866322871;0.9432932112234166;0.908844326759439;75;64;0.0;320;5;relu;0.01;0.2;tanh;0.0;sigmoid;nadam;binary_crossentropy;256;False
0.933610957252878;0.9305314422187543;0.9388601144566259;75;64;0.0;320;5;relu;0.01;0.2;tanh;0.0;sigmoid;nadam;binary_crossentropy;64;False
0.9092279086887315;0.9297847586172558;0.9062012012118492;75;64;0.0;320;5;relu;0.01;0.6;relu;0.01;sigmoid;nadam;binary_crossentropy;256;False
0.9153087470720882;0.9325746281865561;0.9088240863092226;75;64;0.0;320;5;relu;0.01;0.6;relu;0.01;sigmoid;nadam;binary_crossentropy;64;False
0.9327244851367583;0.9378033740932359;0.9331864287356927;75;64;0.0;320;5;relu;0.01;0.6;relu;0.001;sigmoid;nadam;binary_crossentropy;256;False
0.9264563991962417;0.9464644989960875;0.9134198891958546;75;64;0.0;320;5;relu;0.01;0.6;relu;0.001;sigmoid;nadam;binary_crossentropy;64;False
0.914250562185621;0.9059294733143558;0.9274205951339238;75;64;0.0;320;5;relu;0.01;0.6;relu;0.0;sigmoid;nadam;binary_crossentropy;256;False
0.932447424759778;0.9355239872898009;0.9336039457788476;75;64;0.0;320;5;relu;0.01;0.6;relu;0.0;sigmoid;nadam;binary_crossentropy;64;False
0.8992322139900575;0.897105337051879;0.9172526020376083;75;64;0.0;320;5;relu;0.01;0.6;tanh;0.01;sigmoid;nadam;binary_crossentropy;256;False
0.9185813126637713;0.9145288961245097;0.9323902533031745;75;64;0.0;320;5;relu;0.01;0.6;tanh;0.01;sigmoid;nadam;binary_crossentropy;64;False
0.9255148193936756;0.9258187592062919;0.9313794288256017;75;64;0.0;320;5;relu;0.01;0.6;tanh;0.001;sigmoid;nadam;binary_crossentropy;256;False
0.9339923652636349;0.9268832111737249;0.9442021507449413;75;64;0.0;320;5;relu;0.01;0.6;tanh;0.001;sigmoid;nadam;binary_crossentropy;64;False
0.920757773314769;0.9240471852684701;0.9219816509578393;75;64;0.0;320;5;relu;0.01;0.6;tanh;0.0;sigmoid;nadam;binary_crossentropy;256;False
0.9200807043586849;0.9224605840391801;0.9241047226604738;75;64;0.0;320;5;relu;0.01;0.6;tanh;0.0;sigmoid;nadam;binary_crossentropy;64;False
0.9083998924389128;0.9049247254782641;0.9218847071503198;75;64;0.0;320;5;relu;0.01;0.8;relu;0.01;sigmoid;nadam;binary_crossentropy;256;False
0.9170405769659092;0.9139831075738598;0.9275495379670071;75;64;0.0;320;5;relu;0.01;0.8;relu;0.01;sigmoid;nadam;binary_crossentropy;64;False
0.9299400096790483;0.9337926513706669;0.9303427892374512;75;64;0.0;320;5;relu;0.01;0.8;relu;0.001;sigmoid;nadam;binary_crossentropy;256;False
0.9230903615150184;0.9137236800221699;0.9383218506860127;75;64;0.0;320;5;relu;0.01;0.8;relu;0.001;sigmoid;nadam;binary_crossentropy;64;False
0.9311348744148124;0.9251361787580363;0.9412420666618772;75;64;0.0;320;5;relu;0.01;0.8;relu;0.0;sigmoid;nadam;binary_crossentropy;256;False
0.9251939906006699;0.9199519068063351;0.9356007775582846;75;64;0.0;320;5;relu;0.01;0.8;relu;0.0;sigmoid;nadam;binary_crossentropy;64;False
0.9076509531663186;0.9183063706338912;0.9123177732795515;75;64;0.0;320;5;relu;0.01;0.8;tanh;0.01;sigmoid;nadam;binary_crossentropy;256;False
0.9075826323790516;0.9165203888052691;0.9090852887654096;75;64;0.0;320;5;relu;0.01;0.8;tanh;0.01;sigmoid;nadam;binary_crossentropy;64;False
0.9144723882573033;0.9382293663005061;0.8999427730118894;75;64;0.0;320;5;relu;0.01;0.8;tanh;0.001;sigmoid;nadam;binary_crossentropy;256;False
0.9073372130592748;0.9176035414115038;0.9105558985652655;75;64;0.0;320;5;relu;0.01;0.8;tanh;0.001;sigmoid;nadam;binary_crossentropy;64;False
0.9224138165615603;0.9321728313790395;0.9200943059797749;75;64;0.0;320;5;relu;0.01;0.8;tanh;0.0;sigmoid;nadam;binary_crossentropy;256;False
0.9311461487304704;0.9177117563910201;0.9486404939954151;75;64;0.0;320;5;relu;0.01;0.8;tanh;0.0;sigmoid;nadam;binary_crossentropy;64;False
0.934948717803844;0.9298533389300199;0.9456710070385697;75;64;0.0;320;5;relu;0.001;0.0;relu;0.01;sigmoid;nadam;binary_crossentropy;256;False
0.9280555444601071;0.9198703957987732;0.940964660523392;75;64;0.0;320;5;relu;0.001;0.0;relu;0.01;sigmoid;nadam;binary_crossentropy;64;False
0.9407660119713416;0.9383584089031107;0.9463369414474817;75;64;0.0;320;5;relu;0.001;0.0;relu;0.001;sigmoid;nadam;binary_crossentropy;256;False
0.9357578108155863;0.9415366241891808;0.9346055928017467;75;64;0.0;320;5;relu;0.001;0.0;relu;0.001;sigmoid;nadam;binary_crossentropy;64;False
0.8607727045272885;0.854689450755609;0.8817358760215734;75;64;0.0;320;5;relu;0.001;0.0;relu;0.0;sigmoid;nadam;binary_crossentropy;256;False
0.8952137796587797;0.8927928235783918;0.9233187488741251;75;64;0.0;320;5;relu;0.001;0.0;relu;0.0;sigmoid;nadam;binary_crossentropy;64;False
0.939736941281673;0.9278173948465722;0.9560758490918498;75;64;0.0;320;5;relu;0.001;0.0;tanh;0.01;sigmoid;nadam;binary_crossentropy;256;False
0.9321214037124903;0.9240381679228402;0.9456787977076614;75;64;0.0;320;5;relu;0.001;0.0;tanh;0.01;sigmoid;nadam;binary_crossentropy;64;False
0.9342990696239266;0.923524518972829;0.9479377069577563;75;64;0.0;320;5;relu;0.001;0.0;tanh;0.001;sigmoid;nadam;binary_crossentropy;256;False
0.9295619338033545;0.9394410075154758;0.9248773610606664;75;64;0.0;320;5;relu;0.001;0.0;tanh;0.001;sigmoid;nadam;binary_crossentropy;64;False
0.9317877940880257;0.9311849966309562;0.9367300914522403;75;64;0.0;320;5;relu;0.001;0.0;tanh;0.0;sigmoid;nadam;binary_crossentropy;256;False
0.9362595559845321;0.9374443759388396;0.939198887314386;75;64;0.0;320;5;relu;0.001;0.0;tanh;0.0;sigmoid;nadam;binary_crossentropy;64;False
0.9406675858447231;0.9318112392214614;0.9514641909139758;75;64;0.0;320;5;relu;0.001;0.2;relu;0.01;sigmoid;nadam;binary_crossentropy;256;False
0.9341231805748518;0.9407238612402846;0.9324601140088611;75;64;0.0;320;5;relu;0.001;0.2;relu;0.01;sigmoid;nadam;binary_crossentropy;64;False
0.9426306578501744;0.9407800760326248;0.9464980272333499;75;64;0.0;320;5;relu;0.001;0.2;relu;0.001;sigmoid;nadam;binary_crossentropy;256;False
0.9250768482207438;0.9425476116420397;0.9142260961132684;75;64;0.0;320;5;relu;0.001;0.2;relu;0.001;sigmoid;nadam;binary_crossentropy;64;False
0.9331306602427405;0.9396959464212984;0.9311847894316718;75;64;0.0;320;5;relu;0.001;0.2;relu;0.0;sigmoid;nadam;binary_crossentropy;256;False
0.921584861148572;0.9352588193076731;0.9141983338151383;75;64;0.0;320;5;relu;0.001;0.2;relu;0.0;sigmoid;nadam;binary_crossentropy;64;False
0.943294136446687;0.9401631332981555;0.9484086281042279;75;64;0.0;320;5;relu;0.001;0.2;tanh;0.01;sigmoid;nadam;binary_crossentropy;256;False
0.9372590521160878;0.9259231167447073;0.9519440003261754;75;64;0.0;320;5;relu;0.001;0.2;tanh;0.01;sigmoid;nadam;binary_crossentropy;64;False
0.9324466833631169;0.9249932783457921;0.9449453818943809;75;64;0.0;320;5;relu;0.001;0.2;tanh;0.001;sigmoid;nadam;binary_crossentropy;256;False
0.9369456758675954;0.9389026527357209;0.9374606885301201;75;64;0.0;320;5;relu;0.001;0.2;tanh;0.001;sigmoid;nadam;binary_crossentropy;64;False
0.9377777626441871;0.9414113550408258;0.9369382800096728;75;64;0.0;320;5;relu;0.001;0.2;tanh;0.0;sigmoid;nadam;binary_crossentropy;256;False
0.9360375402753087;0.9347997118321224;0.9427442207929134;75;64;0.0;320;5;relu;0.001;0.2;tanh;0.0;sigmoid;nadam;binary_crossentropy;64;False
0.9388211198567449;0.9370839003168383;0.9418518305345195;75;64;0.0;320;5;relu;0.001;0.6;relu;0.01;sigmoid;nadam;binary_crossentropy;256;False
0.9429020980762667;0.9504088491584858;0.9388077261688235;75;64;0.0;320;5;relu;0.001;0.6;relu;0.01;sigmoid;nadam;binary_crossentropy;64;False
0.935154063449757;0.9273296623386269;0.9460100703348289;75;64;0.0;320;5;relu;0.001;0.6;relu;0.001;sigmoid;nadam;binary_crossentropy;256;False
0.9381349365859771;0.9383290057967967;0.9418350377793843;75;64;0.0;320;5;relu;0.001;0.6;relu;0.001;sigmoid;nadam;binary_crossentropy;64;False
0.9214025289665362;0.9315111566921169;0.9170806674760097;75;64;0.0;320;5;relu;0.001;0.6;relu;0.0;sigmoid;nadam;binary_crossentropy;256;False
0.9357069130518088;0.9366819033815943;0.9366360647209987;75;64;0.0;320;5;relu;0.001;0.6;relu;0.0;sigmoid;nadam;binary_crossentropy;64;False
0.9359240048643471;0.9451528299269796;0.9293761452714755;75;64;0.0;320;5;relu;0.001;0.6;tanh;0.01;sigmoid;nadam;binary_crossentropy;256;False
0.9372151164213995;0.9323343232779002;0.9450040613700509;75;64;0.0;320;5;relu;0.001;0.6;tanh;0.01;sigmoid;nadam;binary_crossentropy;64;False
0.933350195804701;0.9514314385886676;0.9192157491021755;75;64;0.0;320;5;relu;0.001;0.6;tanh;0.001;sigmoid;nadam;binary_crossentropy;256;False
0.9338945105502114;0.9315354910441693;0.9389306521809194;75;64;0.0;320;5;relu;0.001;0.6;tanh;0.001;sigmoid;nadam;binary_crossentropy;64;False
0.9327281446232245;0.942823513857258;0.9251712501481721;75;64;0.0;320;5;relu;0.001;0.6;tanh;0.0;sigmoid;nadam;binary_crossentropy;256;False
0.9234546501770786;0.9399395273110267;0.9118792021393107;75;64;0.0;320;5;relu;0.001;0.6;tanh;0.0;sigmoid;nadam;binary_crossentropy;64;False
0.9341930290570604;0.9312473324950424;0.9416164503736771;75;64;0.0;320;5;relu;0.001;0.8;relu;0.01;sigmoid;nadam;binary_crossentropy;256;False
0.9273553207272036;0.9332170858331263;0.9269015581365532;75;64;0.0;320;5;relu;0.001;0.8;relu;0.01;sigmoid;nadam;binary_crossentropy;64;False
0.9346333902578543;0.9278835435775722;0.9441050288218529;75;64;0.0;320;5;relu;0.001;0.8;relu;0.001;sigmoid;nadam;binary_crossentropy;256;False
0.9349402305109316;0.9397283055218946;0.9350310859678859;75;64;0.0;320;5;relu;0.001;0.8;relu;0.001;sigmoid;nadam;binary_crossentropy;64;False
0.9366142521134899;0.9284121261527328;0.948025491637557;75;64;0.0;320;5;relu;0.001;0.8;relu;0.0;sigmoid;nadam;binary_crossentropy;256;False
0.9366619495313439;0.9420857661926675;0.9348989751691711;75;64;0.0;320;5;relu;0.001;0.8;relu;0.0;sigmoid;nadam;binary_crossentropy;64;False
0.9341959962022436;0.9300857323288204;0.9422163589670014;75;64;0.0;320;5;relu;0.001;0.8;tanh;0.01;sigmoid;nadam;binary_crossentropy;256;False
0.9318666273183466;0.9224802733318251;0.9449155447409652;75;64;0.0;320;5;relu;0.001;0.8;tanh;0.01;sigmoid;nadam;binary_crossentropy;64;False
0.9393061367837587;0.9289756799874611;0.9524468826123883;75;64;0.0;320;5;relu;0.001;0.8;tanh;0.001;sigmoid;nadam;binary_crossentropy;256;False
0.9335033849868217;0.9373957935240107;0.9318033613280268;75;64;0.0;320;5;relu;0.001;0.8;tanh;0.001;sigmoid;nadam;binary_crossentropy;64;False
0.9395990163393451;0.934425402312484;0.9468840272890698;75;64;0.0;320;5;relu;0.001;0.8;tanh;0.0;sigmoid;nadam;binary_crossentropy;256;False
0.937796172931004;0.955081036719035;0.9240196080824775;75;64;0.0;320;5;relu;0.001;0.8;tanh;0.0;sigmoid;nadam;binary_crossentropy;64;False
0.9338291201990192;0.9441216307386258;0.9270781022786012;75;64;0.0;320;5;relu;0.0;0.0;relu;0.01;sigmoid;nadam;binary_crossentropy;256;False
0.9310478473178418;0.9385144487157735;0.9281502200029303;75;64;0.0;320;5;relu;0.0;0.0;relu;0.01;sigmoid;nadam;binary_crossentropy;64;False
0.9311630533970288;0.9372776717765362;0.928231442418449;75;64;0.0;320;5;relu;0.0;0.0;relu;0.001;sigmoid;nadam;binary_crossentropy;256;False
0.9229617393464016;0.9341228234677816;0.917214252820313;75;64;0.0;320;5;relu;0.0;0.0;relu;0.001;sigmoid;nadam;binary_crossentropy;64;False
0.9134775508770561;0.937930721612472;0.896213577372723;75;64;0.0;320;5;relu;0.0;0.0;relu;0.0;sigmoid;nadam;binary_crossentropy;256;False
0.9111991532643146;0.9363463929106322;0.8947027637226566;75;64;0.0;320;5;relu;0.0;0.0;relu;0.0;sigmoid;nadam;binary_crossentropy;64;False
0.9231505291457369;0.9393966569010521;0.9158873900163655;75;64;0.0;320;5;relu;0.0;0.0;tanh;0.01;sigmoid;nadam;binary_crossentropy;256;False
0.9314006489977521;0.9468506330105898;0.9214367169497942;75;64;0.0;320;5;relu;0.0;0.0;tanh;0.01;sigmoid;nadam;binary_crossentropy;64;False
0.9271220404470577;0.9317585452159539;0.9273465841286885;75;64;0.0;320;5;relu;0.0;0.0;tanh;0.001;sigmoid;nadam;binary_crossentropy;256;False
0.9242246659383438;0.9333520488719509;0.9211039559462298;75;64;0.0;320;5;relu;0.0;0.0;tanh;0.001;sigmoid;nadam;binary_crossentropy;64;False
0.9190991820017868;0.9420951335642517;0.9036695381579675;75;64;0.0;320;5;relu;0.0;0.0;tanh;0.0;sigmoid;nadam;binary_crossentropy;256;False
0.9155751241029098;0.9411518992026627;0.8982640368937405;75;64;0.0;320;5;relu;0.0;0.0;tanh;0.0;sigmoid;nadam;binary_crossentropy;64;False
0.9340212267017138;0.944890416481309;0.9275702881078223;75;64;0.0;320;5;relu;0.0;0.2;relu;0.01;sigmoid;nadam;binary_crossentropy;256;False
0.93052018191012;0.9321176537742744;0.9318252818355768;75;64;0.0;320;5;relu;0.0;0.2;relu;0.01;sigmoid;nadam;binary_crossentropy;64;False
0.9294192195019104;0.9359908677769884;0.9273589119792233;75;64;0.0;320;5;relu;0.0;0.2;relu;0.001;sigmoid;nadam;binary_crossentropy;256;False
0.9263360117339687;0.9365785270501732;0.9196662638757699;75;64;0.0;320;5;relu;0.0;0.2;relu;0.001;sigmoid;nadam;binary_crossentropy;64;False
0.8017491811731116;0.7961710181633037;0.8343790175256377;75;64;0.0;320;5;relu;0.0;0.2;relu;0.0;sigmoid;nadam;binary_crossentropy;256;False
0.7385459934549299;0.7504364284742189;0.7293485200721025;75;64;0.0;320;5;relu;0.0;0.2;relu;0.0;sigmoid;nadam;binary_crossentropy;64;False
0.9244992078904739;0.9318192051932271;0.9223966165856181;75;64;0.0;320;5;relu;0.0;0.2;tanh;0.01;sigmoid;nadam;binary_crossentropy;256;False
0.9327414322402203;0.9404798293583406;0.9302350930109717;75;64;0.0;320;5;relu;0.0;0.2;tanh;0.01;sigmoid;nadam;binary_crossentropy;64;False
0.9354773102101408;0.9383662793235683;0.9361904019220733;75;64;0.0;320;5;relu;0.0;0.2;tanh;0.001;sigmoid;nadam;binary_crossentropy;256;False
0.9303077121757815;0.9333210769741956;0.9313179323100016;75;64;0.0;320;5;relu;0.0;0.2;tanh;0.001;sigmoid;nadam;binary_crossentropy;64;False
0.9223672519727852;0.9324797900352134;0.916624020062837;75;64;0.0;320;5;relu;0.0;0.2;tanh;0.0;sigmoid;nadam;binary_crossentropy;256;False
0.9215065150550348;0.9379027279139699;0.9117307766280538;75;64;0.0;320;5;relu;0.0;0.2;tanh;0.0;sigmoid;nadam;binary_crossentropy;64;False
0.9387249257913812;0.9388618144173222;0.9409653273431425;75;64;0.0;320;5;relu;0.0;0.6;relu;0.01;sigmoid;nadam;binary_crossentropy;256;False
0.9326191165572114;0.937772505369012;0.9323425986236165;75;64;0.0;320;5;relu;0.0;0.6;relu;0.01;sigmoid;nadam;binary_crossentropy;64;False
0.9369225771223626;0.9448594620582134;0.9315321405202305;75;64;0.0;320;5;relu;0.0;0.6;relu;0.001;sigmoid;nadam;binary_crossentropy;256;False
0.9338904080755629;0.9383542494557864;0.9335671929020846;75;64;0.0;320;5;relu;0.0;0.6;relu;0.001;sigmoid;nadam;binary_crossentropy;64;False
0.9342147210542224;0.9360480048311762;0.9349153164201347;75;64;0.0;320;5;relu;0.0;0.6;relu;0.0;sigmoid;nadam;binary_crossentropy;256;False
0.9265815787926176;0.9239399438837571;0.9349745468279214;75;64;0.0;320;5;relu;0.0;0.6;relu;0.0;sigmoid;nadam;binary_crossentropy;64;False
0.9275437638716951;0.9298147295361915;0.9277842200591783;75;64;0.0;320;5;relu;0.0;0.6;tanh;0.01;sigmoid;nadam;binary_crossentropy;256;False
0.9331759700204634;0.9296343124876438;0.9396539827821548;75;64;0.0;320;5;relu;0.0;0.6;tanh;0.01;sigmoid;nadam;binary_crossentropy;64;False
0.9366629427439734;0.9337234975313666;0.9426628059588795;75;64;0.0;320;5;relu;0.0;0.6;tanh;0.001;sigmoid;nadam;binary_crossentropy;256;False
0.9348970540848711;0.9367478566321068;0.9365232204836831;75;64;0.0;320;5;relu;0.0;0.6;tanh;0.001;sigmoid;nadam;binary_crossentropy;64;False
0.929783467269097;0.9410846550676981;0.9227828460752342;75;64;0.0;320;5;relu;0.0;0.6;tanh;0.0;sigmoid;nadam;binary_crossentropy;256;False
0.931298341532443;0.9362616885775756;0.9305136491284438;75;64;0.0;320;5;relu;0.0;0.6;tanh;0.0;sigmoid;nadam;binary_crossentropy;64;False
0.9322631346587211;0.934154384285864;0.9331658126503045;75;64;0.0;320;5;relu;0.0;0.8;relu;0.01;sigmoid;nadam;binary_crossentropy;256;False
0.938897818923149;0.9422920652320693;0.9383575198050869;75;64;0.0;320;5;relu;0.0;0.8;relu;0.01;sigmoid;nadam;binary_crossentropy;64;False
0.9320278140775204;0.9317567089296845;0.9359032082675588;75;64;0.0;320;5;relu;0.0;0.8;relu;0.001;sigmoid;nadam;binary_crossentropy;256;False
0.9358246936137837;0.935765984673192;0.9385784138359913;75;64;0.0;320;5;relu;0.0;0.8;relu;0.001;sigmoid;nadam;binary_crossentropy;64;False
0.9321845198030096;0.9306814362397942;0.9372889806011993;75;64;0.0;320;5;relu;0.0;0.8;relu;0.0;sigmoid;nadam;binary_crossentropy;256;False
0.9370699841989941;0.932828659416461;0.9428268182160613;75;64;0.0;320;5;relu;0.0;0.8;relu;0.0;sigmoid;nadam;binary_crossentropy;64;False
0.9307922216459265;0.9330351438422213;0.931410346522141;75;64;0.0;320;5;relu;0.0;0.8;tanh;0.01;sigmoid;nadam;binary_crossentropy;256;False
0.9375488491044225;0.9397894356041228;0.9382602759593371;75;64;0.0;320;5;relu;0.0;0.8;tanh;0.01;sigmoid;nadam;binary_crossentropy;64;False
0.9360614625778112;0.9398807138815286;0.9346254109638001;75;64;0.0;320;5;relu;0.0;0.8;tanh;0.001;sigmoid;nadam;binary_crossentropy;256;False
0.9287193879016392;0.9314913879519269;0.9292335212912824;75;64;0.0;320;5;relu;0.0;0.8;tanh;0.001;sigmoid;nadam;binary_crossentropy;64;False
0.9342760324814113;0.932650899826557;0.9385883110705422;75;64;0.0;320;5;relu;0.0;0.8;tanh;0.0;sigmoid;nadam;binary_crossentropy;256;False
0.9323357045213874;0.9292960021892547;0.9385766384395735;75;64;0.0;320;5;relu;0.0;0.8;tanh;0.0;sigmoid;nadam;binary_crossentropy;64;False
0.9225514992055759;0.9153303888000845;0.9372727610758164;75;64;0.0;320;5;tanh;0.01;0.0;relu;0.01;sigmoid;nadam;binary_crossentropy;256;False
0.9346813904188922;0.9387480544420811;0.9348625991337653;75;64;0.0;320;5;tanh;0.01;0.0;relu;0.01;sigmoid;nadam;binary_crossentropy;64;False
0.9374505437233251;0.9379761727041096;0.9396087795516218;75;64;0.0;320;5;tanh;0.01;0.0;relu;0.001;sigmoid;nadam;binary_crossentropy;256;False
0.9339948433750955;0.9237528168317859;0.948266231038701;75;64;0.0;320;5;tanh;0.01;0.0;relu;0.001;sigmoid;nadam;binary_crossentropy;64;False
0.9335083616250438;0.9398978181881095;0.930665998309116;75;64;0.0;320;5;tanh;0.01;0.0;relu;0.0;sigmoid;nadam;binary_crossentropy;256;False
0.9264822782536605;0.9420152255056543;0.9168540945279269;75;64;0.0;320;5;tanh;0.01;0.0;relu;0.0;sigmoid;nadam;binary_crossentropy;64;False
0.8543074258042177;0.8914460829260609;0.884672443473157;75;64;0.0;320;5;tanh;0.01;0.0;tanh;0.01;sigmoid;nadam;binary_crossentropy;256;False
0.8716200802597296;0.9188155885226733;0.8753171503474386;75;64;0.0;320;5;tanh;0.01;0.0;tanh;0.01;sigmoid;nadam;binary_crossentropy;64;False
0.8358987129184612;0.8816021329671084;0.832415452394992;75;64;0.0;320;5;tanh;0.01;0.0;tanh;0.001;sigmoid;nadam;binary_crossentropy;256;False
0.9220770983830702;0.913467247853551;0.9415040017676578;75;64;0.0;320;5;tanh;0.01;0.0;tanh;0.001;sigmoid;nadam;binary_crossentropy;64;False
0.9401736912826782;0.9420362044984026;0.9398565539971697;75;64;0.0;320;5;tanh;0.01;0.0;tanh;0.0;sigmoid;nadam;binary_crossentropy;256;False
0.8707268729401754;0.8731229522241293;0.8802538099105647;75;64;0.0;320;5;tanh;0.01;0.0;tanh;0.0;sigmoid;nadam;binary_crossentropy;64;False
0.9280606778522744;0.9133230175087135;0.9488704149878682;75;64;0.0;320;5;tanh;0.01;0.2;relu;0.01;sigmoid;nadam;binary_crossentropy;256;False
0.8707180704727705;0.8568367143083204;0.8943861476674504;75;64;0.0;320;5;tanh;0.01;0.2;relu;0.01;sigmoid;nadam;binary_crossentropy;64;False
0.9303751042518167;0.933415547641957;0.9337481185690487;75;64;0.0;320;5;tanh;0.01;0.2;relu;0.001;sigmoid;nadam;binary_crossentropy;256;False
0.8476913360498113;0.8546300245628131;0.8755307770236245;75;64;0.0;320;5;tanh;0.01;0.2;relu;0.001;sigmoid;nadam;binary_crossentropy;64;False
0.9292205864709915;0.9322934659171022;0.9281289590184597;75;64;0.0;320;5;tanh;0.01;0.2;relu;0.0;sigmoid;nadam;binary_crossentropy;256;False
0.9276869031374181;0.9221985736124221;0.9369850820574456;75;64;0.0;320;5;tanh;0.01;0.2;relu;0.0;sigmoid;nadam;binary_crossentropy;64;False
0.9201639066828063;0.9392743355400416;0.9113866414507245;75;64;0.0;320;5;tanh;0.01;0.2;tanh;0.01;sigmoid;nadam;binary_crossentropy;256;False
0.9025603015261237;0.9019756304721716;0.9245761803087358;75;64;0.0;320;5;tanh;0.01;0.2;tanh;0.01;sigmoid;nadam;binary_crossentropy;64;False
0.9207661600916216;0.9254980186104689;0.9231643253614411;75;64;0.0;320;5;tanh;0.01;0.2;tanh;0.001;sigmoid;nadam;binary_crossentropy;256;False
0.9306437433616057;0.9422971466807623;0.927210754537905;75;64;0.0;320;5;tanh;0.01;0.2;tanh;0.001;sigmoid;nadam;binary_crossentropy;64;False
0.932337246133461;0.9316103401692668;0.9354965869983202;75;64;0.0;320;5;tanh;0.01;0.2;tanh;0.0;sigmoid;nadam;binary_crossentropy;256;False
0.9245456904304593;0.9285472009716482;0.925297873850546;75;64;0.0;320;5;tanh;0.01;0.2;tanh;0.0;sigmoid;nadam;binary_crossentropy;64;False
0.9028233445538314;0.885498088004913;0.941647655777879;75;64;0.0;320;5;tanh;0.01;0.6;relu;0.01;sigmoid;nadam;binary_crossentropy;256;False
0.9319592814601387;0.9267296528712311;0.9414989108021222;75;64;0.0;320;5;tanh;0.01;0.6;relu;0.01;sigmoid;nadam;binary_crossentropy;64;False
0.8596904582559176;0.8619558416846107;0.8727941611951507;75;64;0.0;320;5;tanh;0.01;0.6;relu;0.001;sigmoid;nadam;binary_crossentropy;256;False
0.91470118930812;0.9354506627028389;0.9033880423800171;75;64;0.0;320;5;tanh;0.01;0.6;relu;0.001;sigmoid;nadam;binary_crossentropy;64;False
0.9175691908113596;0.9376907204205207;0.9078570369756953;75;64;0.0;320;5;tanh;0.01;0.6;relu;0.0;sigmoid;nadam;binary_crossentropy;256;False
0.8634405051097256;0.8668129787860476;0.9133970358527079;75;64;0.0;320;5;tanh;0.01;0.6;relu;0.0;sigmoid;nadam;binary_crossentropy;64;False
0.8970977619552452;0.9130306551333771;0.895669611685024;75;64;0.0;320;5;tanh;0.01;0.6;tanh;0.01;sigmoid;nadam;binary_crossentropy;256;False
0.9000397086799048;0.911534259817069;0.9083797551916849;75;64;0.0;320;5;tanh;0.01;0.6;tanh;0.01;sigmoid;nadam;binary_crossentropy;64;False
0.9250507618933345;0.9330800006463557;0.9222390930012472;75;64;0.0;320;5;tanh;0.01;0.6;tanh;0.001;sigmoid;nadam;binary_crossentropy;256;False
0.9135060641029747;0.9175404424011478;0.9255339852666786;75;64;0.0;320;5;tanh;0.01;0.6;tanh;0.001;sigmoid;nadam;binary_crossentropy;64;False
0.918337159085097;0.9269330775198968;0.9168939969324589;75;64;0.0;320;5;tanh;0.01;0.6;tanh;0.0;sigmoid;nadam;binary_crossentropy;256;False
0.9211808153333239;0.9420065810386816;0.9137108114314856;75;64;0.0;320;5;tanh;0.01;0.6;tanh;0.0;sigmoid;nadam;binary_crossentropy;64;False
0.9146633769301561;0.9059541332268898;0.9338308640063155;75;64;0.0;320;5;tanh;0.01;0.8;relu;0.01;sigmoid;nadam;binary_crossentropy;256;False
0.9118578197045581;0.9124753043547346;0.9229305422959688;75;64;0.0;320;5;tanh;0.01;0.8;relu;0.01;sigmoid;nadam;binary_crossentropy;64;False
0.912848982960716;0.9051340855523969;0.9325990515741613;75;64;0.0;320;5;tanh;0.01;0.8;relu;0.001;sigmoid;nadam;binary_crossentropy;256;False
0.9266046000683428;0.9236205676671438;0.9378279818358847;75;64;0.0;320;5;tanh;0.01;0.8;relu;0.001;sigmoid;nadam;binary_crossentropy;64;False
0.9246256756462227;0.9236517795131594;0.9312652423037964;75;64;0.0;320;5;tanh;0.01;0.8;relu;0.0;sigmoid;nadam;binary_crossentropy;256;False
0.9229415908722075;0.9327311131961789;0.9207057992574864;75;64;0.0;320;5;tanh;0.01;0.8;relu;0.0;sigmoid;nadam;binary_crossentropy;64;False
0.9270012627787156;0.9291896999657462;0.9310784246130523;75;64;0.0;320;5;tanh;0.01;0.8;tanh;0.01;sigmoid;nadam;binary_crossentropy;256;False
0.8725075177476274;0.8791632755139958;0.899815768606856;75;64;0.0;320;5;tanh;0.01;0.8;tanh;0.01;sigmoid;nadam;binary_crossentropy;64;False
0.9046295319264503;0.9049848923900463;0.9182037316489868;75;64;0.0;320;5;tanh;0.01;0.8;tanh;0.001;sigmoid;nadam;binary_crossentropy;256;False
0.9036320867960248;0.8981741486220048;0.9182924037077781;75;64;0.0;320;5;tanh;0.01;0.8;tanh;0.001;sigmoid;nadam;binary_crossentropy;64;False
0.9129735053475609;0.9200069530725445;0.9187242023558649;75;64;0.0;320;5;tanh;0.01;0.8;tanh;0.0;sigmoid;nadam;binary_crossentropy;256;False
0.9225634499467373;0.9319198718964964;0.9209879400271564;75;64;0.0;320;5;tanh;0.01;0.8;tanh;0.0;sigmoid;nadam;binary_crossentropy;64;False
0.9417143384366854;0.9385921117073431;0.9475398702060435;75;64;0.0;320;5;tanh;0.001;0.0;relu;0.01;sigmoid;nadam;binary_crossentropy;256;False
0.9388473833260436;0.9356857444096967;0.9450573408636075;75;64;0.0;320;5;tanh;0.001;0.0;relu;0.01;sigmoid;nadam;binary_crossentropy;64;False
0.9282804918606379;0.9446827932901835;0.9172554940310226;75;64;0.0;320;5;tanh;0.001;0.0;relu;0.001;sigmoid;nadam;binary_crossentropy;256;False
0.9363550713168969;0.9389675235166333;0.9369157983302759;75;64;0.0;320;5;tanh;0.001;0.0;relu;0.001;sigmoid;nadam;binary_crossentropy;64;False
0.9346947659268053;0.9358576550564731;0.9367414601558821;75;64;0.0;320;5;tanh;0.001;0.0;relu;0.0;sigmoid;nadam;binary_crossentropy;256;False
0.9419397777454026;0.9322947601274055;0.9534331406528709;75;64;0.0;320;5;tanh;0.001;0.0;relu;0.0;sigmoid;nadam;binary_crossentropy;64;False
0.8895372855415754;0.8885366489582605;0.8943258118483538;75;64;0.0;320;5;tanh;0.001;0.0;tanh;0.01;sigmoid;nadam;binary_crossentropy;256;False
0.935956900054516;0.93768297455872;0.938837897423346;75;64;0.0;320;5;tanh;0.001;0.0;tanh;0.01;sigmoid;nadam;binary_crossentropy;64;False
0.936222874319905;0.9420620663424787;0.9337565795661739;75;64;0.0;320;5;tanh;0.001;0.0;tanh;0.001;sigmoid;nadam;binary_crossentropy;256;False
0.9315985943871377;0.9343633560713277;0.9331475690823045;75;64;0.0;320;5;tanh;0.001;0.0;tanh;0.001;sigmoid;nadam;binary_crossentropy;64;False
0.9286441662345147;0.92888920113015;0.9314313851627668;75;64;0.0;320;5;tanh;0.001;0.0;tanh;0.0;sigmoid;nadam;binary_crossentropy;256;False
0.8649396831185383;0.8747871378406964;0.8670930638366465;75;64;0.0;320;5;tanh;0.001;0.0;tanh;0.0;sigmoid;nadam;binary_crossentropy;64;False
0.9388095233229526;0.9233216631014111;0.9567945130015991;75;64;0.0;320;5;tanh;0.001;0.2;relu;0.01;sigmoid;nadam;binary_crossentropy;256;False
0.9365185611715233;0.9249504043672406;0.9520569375245079;75;64;0.0;320;5;tanh;0.001;0.2;relu;0.01;sigmoid;nadam;binary_crossentropy;64;False
0.9358478201148561;0.9392034947349289;0.9360440788608647;75;64;0.0;320;5;tanh;0.001;0.2;relu;0.001;sigmoid;nadam;binary_crossentropy;256;False
0.9344726262506251;0.9413712822761495;0.9306279220298691;75;64;0.0;320;5;tanh;0.001;0.2;relu;0.001;sigmoid;nadam;binary_crossentropy;64;False
0.9282962605716077;0.9314584911139467;0.9288719312350677;75;64;0.0;320;5;tanh;0.001;0.2;relu;0.0;sigmoid;nadam;binary_crossentropy;256;False
0.9333914472693058;0.9248217294089619;0.945282552076887;75;64;0.0;320;5;tanh;0.001;0.2;relu;0.0;sigmoid;nadam;binary_crossentropy;64;False
0.9405056106907175;0.9303146006058167;0.95258620022035;75;64;0.0;320;5;tanh;0.001;0.2;tanh;0.01;sigmoid;nadam;binary_crossentropy;256;False
0.9400441158926043;0.9365947014840993;0.947364888087922;75;64;0.0;320;5;tanh;0.001;0.2;tanh;0.01;sigmoid;nadam;binary_crossentropy;64;False
0.9320788058852056;0.932601070318017;0.9361029146122133;75;64;0.0;320;5;tanh;0.001;0.2;tanh;0.001;sigmoid;nadam;binary_crossentropy;256;False
0.9336366376679631;0.9322308995946642;0.9374348932845461;75;64;0.0;320;5;tanh;0.001;0.2;tanh;0.001;sigmoid;nadam;binary_crossentropy;64;False
0.9198011371617028;0.9370789277178562;0.9095484517643895;75;64;0.0;320;5;tanh;0.001;0.2;tanh;0.0;sigmoid;nadam;binary_crossentropy;256;False
0.9326640143464686;0.9368305922998035;0.9339496787279833;75;64;0.0;320;5;tanh;0.001;0.2;tanh;0.0;sigmoid;nadam;binary_crossentropy;64;False
0.9398114586193019;0.9414769356048;0.941194942720664;75;64;0.0;320;5;tanh;0.001;0.6;relu;0.01;sigmoid;nadam;binary_crossentropy;256;False
0.9395484671060865;0.9435691103774063;0.939007320395463;75;64;0.0;320;5;tanh;0.001;0.6;relu;0.01;sigmoid;nadam;binary_crossentropy;64;False
0.9330736953422825;0.9271713403546832;0.9415434455679946;75;64;0.0;320;5;tanh;0.001;0.6;relu;0.001;sigmoid;nadam;binary_crossentropy;256;False
0.9413100853701322;0.9412436601700197;0.9433842771983698;75;64;0.0;320;5;tanh;0.001;0.6;relu;0.001;sigmoid;nadam;binary_crossentropy;64;False
0.9225730784859751;0.9334131575022837;0.9210854728604915;75;64;0.0;320;5;tanh;0.001;0.6;relu;0.0;sigmoid;nadam;binary_crossentropy;256;False
0.9271816860825025;0.9496726694334828;0.9096846986435713;75;64;0.0;320;5;tanh;0.001;0.6;relu;0.0;sigmoid;nadam;binary_crossentropy;64;False
0.9345630912628546;0.9314953990746048;0.9414230706279951;75;64;0.0;320;5;tanh;0.001;0.6;tanh;0.01;sigmoid;nadam;binary_crossentropy;256;False
0.9329175401903134;0.921618908361134;0.9472952870610027;75;64;0.0;320;5;tanh;0.001;0.6;tanh;0.01;sigmoid;nadam;binary_crossentropy;64;False
0.9347479190315836;0.9452727674622039;0.9279444681664941;75;64;0.0;320;5;tanh;0.001;0.6;tanh;0.001;sigmoid;nadam;binary_crossentropy;256;False
0.9357212047057482;0.9451406028527385;0.9302611947418106;75;64;0.0;320;5;tanh;0.001;0.6;tanh;0.001;sigmoid;nadam;binary_crossentropy;64;False
0.9333481333111768;0.9294539012029975;0.9388251132253016;75;64;0.0;320;5;tanh;0.001;0.6;tanh;0.0;sigmoid;nadam;binary_crossentropy;256;False
0.9288957634954702;0.9340803303974281;0.9282157582298298;75;64;0.0;320;5;tanh;0.001;0.6;tanh;0.0;sigmoid;nadam;binary_crossentropy;64;False
0.9393487112466138;0.9380792606230344;0.9424036092632582;75;64;0.0;320;5;tanh;0.001;0.8;relu;0.01;sigmoid;nadam;binary_crossentropy;256;False
0.9273802783980182;0.924511045580741;0.9373080687108795;75;64;0.0;320;5;tanh;0.001;0.8;relu;0.01;sigmoid;nadam;binary_crossentropy;64;False
0.9355588838131137;0.9287195235222621;0.94569562917323;75;64;0.0;320;5;tanh;0.001;0.8;relu;0.001;sigmoid;nadam;binary_crossentropy;256;False
0.9379708582310954;0.941565525351607;0.9378202069841317;75;64;0.0;320;5;tanh;0.001;0.8;relu;0.001;sigmoid;nadam;binary_crossentropy;64;False
0.9274066647337176;0.9315230342759593;0.9276191203262796;75;64;0.0;320;5;tanh;0.001;0.8;relu;0.0;sigmoid;nadam;binary_crossentropy;256;False
0.9322884278445287;0.9404272240056631;0.9286352813366084;75;64;0.0;320;5;tanh;0.001;0.8;relu;0.0;sigmoid;nadam;binary_crossentropy;64;False
0.9307983550713421;0.9414504327779444;0.9243404092372435;75;64;0.0;320;5;tanh;0.001;0.8;tanh;0.01;sigmoid;nadam;binary_crossentropy;256;False
0.931619688549685;0.9380595783117114;0.9287705009969287;75;64;0.0;320;5;tanh;0.001;0.8;tanh;0.01;sigmoid;nadam;binary_crossentropy;64;False
0.9331279347182466;0.9391784968835764;0.9327938168504126;75;64;0.0;320;5;tanh;0.001;0.8;tanh;0.001;sigmoid;nadam;binary_crossentropy;256;False
0.9288463347900004;0.9369692711900027;0.9256665704275274;75;64;0.0;320;5;tanh;0.001;0.8;tanh;0.001;sigmoid;nadam;binary_crossentropy;64;False
0.9380047224336334;0.9267203024698256;0.9517113539584029;75;64;0.0;320;5;tanh;0.001;0.8;tanh;0.0;sigmoid;nadam;binary_crossentropy;256;False
0.9331939000995526;0.9301890358102755;0.9390881399812162;75;64;0.0;320;5;tanh;0.001;0.8;tanh;0.0;sigmoid;nadam;binary_crossentropy;64;False
0.9373008267260842;0.9417608514704398;0.9359337606897119;75;64;0.0;320;5;tanh;0.0;0.0;relu;0.01;sigmoid;nadam;binary_crossentropy;256;False
0.9391201347584024;0.927316265384205;0.9529052836085583;75;64;0.0;320;5;tanh;0.0;0.0;relu;0.01;sigmoid;nadam;binary_crossentropy;64;False
0.936498184624881;0.9376980691639059;0.9380436805757318;75;64;0.0;320;5;tanh;0.0;0.0;relu;0.001;sigmoid;nadam;binary_crossentropy;256;False
0.9333692794274876;0.93710296127433;0.9327175235763956;75;64;0.0;320;5;tanh;0.0;0.0;relu;0.001;sigmoid;nadam;binary_crossentropy;64;False
0.9273495404177003;0.938606400890065;0.9212934689894231;75;64;0.0;320;5;tanh;0.0;0.0;relu;0.0;sigmoid;nadam;binary_crossentropy;256;False
0.9274570617127992;0.9451213055017865;0.9147672699343146;75;64;0.0;320;5;tanh;0.0;0.0;relu;0.0;sigmoid;nadam;binary_crossentropy;64;False
0.9254614254252254;0.9389966822989759;0.9171611955844167;75;64;0.0;320;5;tanh;0.0;0.0;tanh;0.01;sigmoid;nadam;binary_crossentropy;256;False
0.9324671667852092;0.9372603704596532;0.9324019479151892;75;64;0.0;320;5;tanh;0.0;0.0;tanh;0.01;sigmoid;nadam;binary_crossentropy;64;False
0.9353913306896391;0.9234732184106405;0.9509919169429019;75;64;0.0;320;5;tanh;0.0;0.0;tanh;0.001;sigmoid;nadam;binary_crossentropy;256;False
0.9319059948368198;0.9285790747262276;0.9396590404925862;75;64;0.0;320;5;tanh;0.0;0.0;tanh;0.001;sigmoid;nadam;binary_crossentropy;64;False
0.9248591354697936;0.9390118861818177;0.9159987191874922;75;64;0.0;320;5;tanh;0.0;0.0;tanh;0.0;sigmoid;nadam;binary_crossentropy;256;False
0.9238577054064411;0.9368405211814869;0.9172310444894144;75;64;0.0;320;5;tanh;0.0;0.0;tanh;0.0;sigmoid;nadam;binary_crossentropy;64;False
0.9395140490287114;0.9373915725180613;0.9441755517256576;75;64;0.0;320;5;tanh;0.0;0.2;relu;0.01;sigmoid;nadam;binary_crossentropy;256;False
0.9393454615037211;0.9393028942540615;0.9422941589552956;75;64;0.0;320;5;tanh;0.0;0.2;relu;0.01;sigmoid;nadam;binary_crossentropy;64;False
0.9391190666143341;0.9358959836943799;0.9442058165911675;75;64;0.0;320;5;tanh;0.0;0.2;relu;0.001;sigmoid;nadam;binary_crossentropy;256;False
0.93401351458654;0.941249117930612;0.9301228595061575;75;64;0.0;320;5;tanh;0.0;0.2;relu;0.001;sigmoid;nadam;binary_crossentropy;64;False
0.9258552037856294;0.9339772242426573;0.9225646278191842;75;64;0.0;320;5;tanh;0.0;0.2;relu;0.0;sigmoid;nadam;binary_crossentropy;256;False
0.9230912882962636;0.9475687247448532;0.905856871201825;75;64;0.0;320;5;tanh;0.0;0.2;relu;0.0;sigmoid;nadam;binary_crossentropy;64;False
0.9325377101461753;0.940743468820697;0.9289761923261676;75;64;0.0;320;5;tanh;0.0;0.2;tanh;0.01;sigmoid;nadam;binary_crossentropy;256;False
0.9396597160470129;0.9297910625850576;0.952629256098241;75;64;0.0;320;5;tanh;0.0;0.2;tanh;0.01;sigmoid;nadam;binary_crossentropy;64;False
0.9317398460487809;0.9286811759266435;0.9378456591004459;75;64;0.0;320;5;tanh;0.0;0.2;tanh;0.001;sigmoid;nadam;binary_crossentropy;256;False
0.9370546440632305;0.9304182999997422;0.9469167155339264;75;64;0.0;320;5;tanh;0.0;0.2;tanh;0.001;sigmoid;nadam;binary_crossentropy;64;False
0.9232642640889533;0.9409774642671593;0.9120865648177345;75;64;0.0;320;5;tanh;0.0;0.2;tanh;0.0;sigmoid;nadam;binary_crossentropy;256;False
0.922466419777028;0.9233363440532643;0.9271777669435831;75;64;0.0;320;5;tanh;0.0;0.2;tanh;0.0;sigmoid;nadam;binary_crossentropy;64;False
0.9391454100131137;0.9355439078140082;0.9446751113362479;75;64;0.0;320;5;tanh;0.0;0.6;relu;0.01;sigmoid;nadam;binary_crossentropy;256;False
0.93888359019067;0.9409520994721475;0.9396167773337402;75;64;0.0;320;5;tanh;0.0;0.6;relu;0.01;sigmoid;nadam;binary_crossentropy;64;False
0.9348092574499093;0.9414837455297149;0.9313735467105294;75;64;0.0;320;5;tanh;0.0;0.6;relu;0.001;sigmoid;nadam;binary_crossentropy;256;False
0.9364537502937693;0.9398220349538915;0.9358587229284687;75;64;0.0;320;5;tanh;0.0;0.6;relu;0.001;sigmoid;nadam;binary_crossentropy;64;False
0.9306215644702294;0.9373484167012037;0.9275362643370724;75;64;0.0;320;5;tanh;0.0;0.6;relu;0.0;sigmoid;nadam;binary_crossentropy;256;False
0.9333282040002517;0.9474057656003764;0.9225458484074878;75;64;0.0;320;5;tanh;0.0;0.6;relu;0.0;sigmoid;nadam;binary_crossentropy;64;False
0.9310835822344888;0.9305289354297891;0.9345497778535841;75;64;0.0;320;5;tanh;0.0;0.6;tanh;0.01;sigmoid;nadam;binary_crossentropy;256;False
0.936275580870172;0.9393680632929288;0.9362713672644638;75;64;0.0;320;5;tanh;0.0;0.6;tanh;0.01;sigmoid;nadam;binary_crossentropy;64;False
0.905914385180511;0.9424165507174591;0.8797553694939598;75;64;0.0;320;5;tanh;0.0;0.6;tanh;0.001;sigmoid;nadam;binary_crossentropy;256;False
0.9350525386732175;0.9368185082517207;0.9371260675868033;75;64;0.0;320;5;tanh;0.0;0.6;tanh;0.001;sigmoid;nadam;binary_crossentropy;64;False
0.9276534122052291;0.931665366226253;0.9271594007800443;75;64;0.0;320;5;tanh;0.0;0.6;tanh;0.0;sigmoid;nadam;binary_crossentropy;256;False
0.9289124592819433;0.9353513457397872;0.9265298015552126;75;64;0.0;320;5;tanh;0.0;0.6;tanh;0.0;sigmoid;nadam;binary_crossentropy;64;False
0.931518426894826;0.9422779711870899;0.9245445675378935;75;64;0.0;320;5;tanh;0.0;0.8;relu;0.01;sigmoid;nadam;binary_crossentropy;256;False
0.9410607758284298;0.9294889247303784;0.9547499054031177;75;64;0.0;320;5;tanh;0.0;0.8;relu;0.01;sigmoid;nadam;binary_crossentropy;64;False
0.9324584366665484;0.9355263969777836;0.9325595029586138;75;64;0.0;320;5;tanh;0.0;0.8;relu;0.001;sigmoid;nadam;binary_crossentropy;256;False
0.934585999192627;0.9394577052904778;0.932568589328838;75;64;0.0;320;5;tanh;0.0;0.8;relu;0.001;sigmoid;nadam;binary_crossentropy;64;False
0.9318001246005461;0.94452131587162;0.9224672686760688;75;64;0.0;320;5;tanh;0.0;0.8;relu;0.0;sigmoid;nadam;binary_crossentropy;256;False
0.9307556213503076;0.9282563843200752;0.936023511428895;75;64;0.0;320;5;tanh;0.0;0.8;relu;0.0;sigmoid;nadam;binary_crossentropy;64;False
0.9273534510535095;0.9463216035231877;0.9131621151050862;75;64;0.0;320;5;tanh;0.0;0.8;tanh;0.01;sigmoid;nadam;binary_crossentropy;256;False
0.9325706770788222;0.9314911285270483;0.9356099376881991;75;64;0.0;320;5;tanh;0.0;0.8;tanh;0.01;sigmoid;nadam;binary_crossentropy;64;False
0.932730548559908;0.9370480434729378;0.9309178846561487;75;64;0.0;320;5;tanh;0.0;0.8;tanh;0.001;sigmoid;nadam;binary_crossentropy;256;False
0.9314606051110266;0.9341047883752271;0.9329676763653323;75;64;0.0;320;5;tanh;0.0;0.8;tanh;0.001;sigmoid;nadam;binary_crossentropy;64;False
0.9364391614253853;0.94694885490769;0.9284909474755068;75;64;0.0;320;5;tanh;0.0;0.8;tanh;0.0;sigmoid;nadam;binary_crossentropy;256;False
0.9321210282814588;0.9358073581135974;0.9319076131521895;75;64;0.0;320;5;tanh;0.0;0.8;tanh;0.0;sigmoid;nadam;binary_crossentropy;64;False
