mean_test_f1_macro,mean_test_precision_macro,mean_test_recall_macro,param_activation,param_batch_size,param_epochs,param_conv_activation,param_conv_l2_regularizer,param_dense_activation,param_dense_l2_regularizer,param_dropout_rate,param_filters,param_kernel_size,param_loss_function,param_optimizer,param_units
0.863832522703598,0.958551813709756,0.80891601461861,sigmoid,64,50,relu,0.001,relu,0.001,0.6,320,3,binary_crossentropy,nadam,256
0.863133751740061,0.914591038891458,0.830030841251593,sigmoid,64,25,relu,0.001,relu,0.01,0.6,320,5,binary_crossentropy,nadam,256
0.859156953091346,0.948605105001358,0.818751836654055,sigmoid,64,50,relu,0.001,relu,0.001,0.6,64,5,binary_crossentropy,nadam,64
0.857753549364634,0.944491241706829,0.804933863227661,sigmoid,64,25,tanh,0.001,relu,0.001,0.6,320,5,binary_crossentropy,nadam,256
0.856270397177296,0.909454948309081,0.830819412203094,sigmoid,64,25,relu,0.01,tanh,0.001,0.6,64,3,binary_crossentropy,nadam,256
0.855828429053924,0.92907951849158,0.817637914931081,sigmoid,64,50,relu,0.001,relu,0.001,0.6,64,5,binary_crossentropy,nadam,256
0.855662031393833,0.957346912489083,0.801104857664853,sigmoid,64,50,relu,0.001,tanh,0.001,0.6,64,3,binary_crossentropy,nadam,64
0.855109022396682,0.913178653837849,0.831564729157713,sigmoid,64,25,relu,0.01,tanh,0.01,0.6,320,3,binary_crossentropy,nadam,64
0.854629062338761,0.942631353303736,0.80395843591926,sigmoid,64,50,relu,0.001,relu,0.01,0.6,320,5,binary_crossentropy,nadam,64
0.853436024503239,0.93306785645267,0.807144277550429,sigmoid,64,50,relu,0.01,tanh,0.001,0.6,64,5,binary_crossentropy,nadam,16
0.851864705966012,0.952504812491494,0.797408794402003,sigmoid,64,25,relu,0.001,tanh,0.001,0.6,64,5,binary_crossentropy,nadam,64
0.851598782388481,0.974954880106516,0.789842077296951,sigmoid,64,50,tanh,0.001,relu,0.001,0.6,64,5,binary_crossentropy,nadam,16
0.851195767555913,0.951585197110524,0.796577570872224,sigmoid,64,25,relu,0.01,relu,0.01,0.6,320,5,binary_crossentropy,nadam,256
0.850543692557992,0.941004395371034,0.797811219894681,sigmoid,64,25,tanh,0.001,tanh,0.001,0.6,320,5,binary_crossentropy,nadam,256
0.849701328176951,0.964932608005713,0.78924049539668,sigmoid,64,50,tanh,0.001,tanh,0.001,0.6,64,5,binary_crossentropy,nadam,64
0.848241541982704,0.919217800237762,0.806212742630458,sigmoid,64,25,relu,0.01,relu,0.001,0.6,320,5,binary_crossentropy,nadam,16
0.848093657985479,0.951735369237948,0.799536179652132,sigmoid,64,25,relu,0.01,tanh,0.001,0.6,64,3,binary_crossentropy,nadam,64
0.847633686186058,0.944621663063081,0.794542625468526,sigmoid,64,50,relu,0.001,relu,0.001,0.6,320,3,binary_crossentropy,nadam,64
0.847251489003182,0.94644139906924,0.79335000040406,sigmoid,64,25,relu,0.001,relu,0.001,0.6,64,3,binary_crossentropy,nadam,64
0.847041239299626,0.897160854583934,0.817776693120401,sigmoid,64,25,relu,0.01,relu,0.001,0.6,320,5,binary_crossentropy,nadam,256
0.846994022600036,0.930331761012482,0.80145393600662,sigmoid,64,50,tanh,0.001,relu,0.001,0.6,320,3,binary_crossentropy,nadam,16
0.846506280254376,0.93441789819366,0.803428054748084,sigmoid,64,50,tanh,0.01,tanh,0.001,0.6,64,3,binary_crossentropy,nadam,16
0.84636256022559,0.950641869879543,0.790253044015206,sigmoid,64,50,tanh,0.001,relu,0.001,0.6,320,3,binary_crossentropy,nadam,64
0.844958470277637,0.930709292123605,0.795615568593922,sigmoid,64,25,relu,0.01,relu,0.001,0.6,64,5,binary_crossentropy,nadam,64
0.844683883800126,0.94054933704154,0.791171823586894,sigmoid,64,25,relu,0.01,relu,0.001,0.6,320,3,binary_crossentropy,nadam,16
0.84368648947415,0.916883651308478,0.80287391984036,sigmoid,64,50,relu,0.01,relu,0.01,0.6,320,3,binary_crossentropy,nadam,256
0.842141092583879,0.955270142380608,0.789143796067129,sigmoid,64,50,relu,0.001,tanh,0.001,0.6,64,5,binary_crossentropy,nadam,256
0.841885741399159,0.910707351852774,0.797411872862068,sigmoid,64,50,tanh,0.01,relu,0.001,0.6,64,5,binary_crossentropy,nadam,16
0.841876642593385,0.927350214115636,0.794453927190925,sigmoid,64,25,relu,0.01,tanh,0.01,0.6,64,5,binary_crossentropy,nadam,64
0.840830130992588,0.951529483154117,0.785010603571226,sigmoid,64,25,relu,0.01,relu,0.001,0.6,64,5,binary_crossentropy,nadam,16
0.840410515578074,0.95470656113347,0.782058996786863,sigmoid,64,50,relu,0.01,relu,0.001,0.6,64,3,binary_crossentropy,nadam,16
0.839723829077722,0.937249098251998,0.788837200355786,sigmoid,64,25,tanh,0.01,relu,0.001,0.6,320,5,binary_crossentropy,nadam,256
0.839196842371628,0.920788665305813,0.79005790186392,sigmoid,64,50,relu,0.01,relu,0.001,0.6,64,5,binary_crossentropy,nadam,64
0.839053589924713,0.9518159916553,0.780090302059711,sigmoid,64,25,tanh,0.01,relu,0.001,0.6,64,5,binary_crossentropy,nadam,64
0.839049869115473,0.948594520826781,0.781073445034163,sigmoid,64,50,relu,0.001,tanh,0.001,0.6,64,5,binary_crossentropy,nadam,64
0.838646223215143,0.942699666758047,0.783936434062362,sigmoid,64,50,relu,0.01,tanh,0.01,0.6,320,3,binary_crossentropy,nadam,64
0.838083347757726,0.934366184901258,0.784541049062284,sigmoid,64,50,tanh,0.001,relu,0.001,0.6,64,3,binary_crossentropy,nadam,16
0.838041546973308,0.951831776211076,0.789674993725748,sigmoid,64,50,relu,0.01,relu,0.001,0.6,64,5,binary_crossentropy,nadam,256
0.837068850337171,0.954026641649099,0.777673795581833,sigmoid,64,50,relu,0.001,relu,0.001,0.6,64,5,binary_crossentropy,nadam,16
0.836975232152009,0.92620379764214,0.790492997053726,sigmoid,64,25,relu,0.001,tanh,0.001,0.6,64,5,binary_crossentropy,nadam,256
0.836903716520741,0.906164652517626,0.798830627329464,sigmoid,64,50,relu,0.001,tanh,0.01,0.6,320,5,binary_crossentropy,nadam,256
0.835870796890012,0.92255990709131,0.785727653287861,sigmoid,64,50,relu,0.01,tanh,0.01,0.6,64,5,binary_crossentropy,nadam,256
0.835812955310893,0.937493676712407,0.784212049702411,sigmoid,64,50,relu,0.01,tanh,0.01,0.6,320,3,binary_crossentropy,nadam,256
0.835652058013693,0.962023799783384,0.77553849342753,sigmoid,64,25,relu,0.001,tanh,0.001,0.6,320,5,binary_crossentropy,nadam,64
0.83511046913993,0.915018678539541,0.804501081985092,sigmoid,64,25,tanh,0.01,relu,0.01,0.6,320,3,binary_crossentropy,nadam,256
0.834685050544609,0.950739402259099,0.776712729099774,sigmoid,64,25,relu,0.001,tanh,0.001,0.6,320,5,binary_crossentropy,nadam,256
0.834683721643129,0.941747878034824,0.778370850428186,sigmoid,64,25,relu,0.001,tanh,0.001,0.6,320,3,binary_crossentropy,nadam,256
0.834026041521009,0.956574026193391,0.775054020018869,sigmoid,64,25,tanh,0.001,tanh,0.001,0.6,64,3,binary_crossentropy,nadam,256
0.833641828067482,0.936471409300912,0.783958006950038,sigmoid,64,50,relu,0.001,relu,0.001,0.6,320,5,binary_crossentropy,nadam,64
0.83361629837302,0.939146803285515,0.777035515454717,sigmoid,64,25,relu,0.01,relu,0.01,0.6,64,3,binary_crossentropy,nadam,64
0.833107076176182,0.936017183671415,0.779626345025797,sigmoid,64,25,relu,0.01,relu,0.01,0.6,320,5,binary_crossentropy,nadam,16
0.832627030618253,0.946287711961845,0.773917694647366,sigmoid,64,25,relu,0.01,tanh,0.001,0.6,64,5,binary_crossentropy,nadam,64
0.832185026877999,0.940970765765727,0.780530637853129,sigmoid,64,50,relu,0.01,tanh,0.001,0.6,64,3,binary_crossentropy,nadam,16
0.831652584420547,0.94207117448479,0.780216473281363,sigmoid,64,50,relu,0.001,tanh,0.01,0.6,64,3,binary_crossentropy,nadam,64
0.830583790062688,0.958004399928729,0.772167691545898,sigmoid,64,25,relu,0.001,tanh,0.01,0.6,320,5,binary_crossentropy,nadam,256
0.830247370097485,0.93260039990964,0.785213417399873,sigmoid,64,50,tanh,0.01,relu,0.001,0.6,64,3,binary_crossentropy,nadam,16
0.829447958392792,0.920253098226374,0.778571902901064,sigmoid,64,50,relu,0.01,tanh,0.001,0.6,64,5,binary_crossentropy,nadam,64
0.829370602006274,0.955658439944214,0.771187023597721,sigmoid,64,25,relu,0.001,tanh,0.001,0.6,64,5,binary_crossentropy,nadam,16
0.828999903222532,0.931447942749247,0.779472016802877,sigmoid,64,50,relu,0.01,relu,0.001,0.6,64,5,binary_crossentropy,nadam,16
0.82896869665751,0.936973145756332,0.772944943603362,sigmoid,64,25,tanh,0.01,tanh,0.001,0.6,64,3,binary_crossentropy,nadam,16
0.828882357022939,0.919721148992516,0.787118184505962,sigmoid,64,50,tanh,0.01,relu,0.001,0.6,64,5,binary_crossentropy,nadam,256
0.828878153249737,0.93882331685284,0.779163525026249,sigmoid,64,25,relu,0.01,tanh,0.01,0.6,64,3,binary_crossentropy,nadam,256
0.828831625186596,0.909466511591174,0.784564433867469,sigmoid,64,50,relu,0.001,relu,0.01,0.6,64,3,binary_crossentropy,nadam,256
0.828670955276361,0.924883583426088,0.781350533656218,sigmoid,64,50,relu,0.01,tanh,0.01,0.6,320,5,binary_crossentropy,nadam,64
0.828323246612977,0.904662202786173,0.783163241621618,sigmoid,64,25,relu,0.01,relu,0.001,0.6,320,5,binary_crossentropy,nadam,64
0.827600598705896,0.931518320333301,0.779388639686488,sigmoid,64,25,relu,0.01,relu,0.01,0.6,64,5,binary_crossentropy,nadam,256
0.827023262877645,0.943601657884368,0.768785792854814,sigmoid,64,25,tanh,0.01,relu,0.001,0.6,64,3,binary_crossentropy,nadam,16
0.826608949524114,0.942344169161313,0.768948037981908,sigmoid,64,25,relu,0.001,tanh,0.01,0.6,320,3,binary_crossentropy,nadam,256
0.826305515277353,0.93980700559882,0.771811798137137,sigmoid,64,25,relu,0.001,tanh,0.01,0.6,64,5,binary_crossentropy,nadam,256
0.825993053821639,0.952410169592712,0.768435488129579,sigmoid,64,25,tanh,0.001,tanh,0.01,0.6,64,3,binary_crossentropy,nadam,256
0.825525205452819,0.946796775547691,0.768424391320127,sigmoid,64,25,relu,0.001,relu,0.001,0.6,320,3,binary_crossentropy,nadam,256
0.825165680822321,0.916409615993577,0.780183558393586,sigmoid,64,50,tanh,0.01,relu,0.01,0.6,320,3,binary_crossentropy,nadam,256
0.824940378149279,0.919910407959504,0.779547057521988,sigmoid,64,25,tanh,0.01,relu,0.001,0.6,64,3,binary_crossentropy,nadam,256
0.824683495997127,0.9713781065762,0.762618774125994,sigmoid,64,25,tanh,0.001,tanh,0.01,0.6,64,5,binary_crossentropy,nadam,256
0.82461398652141,0.931900424524051,0.778187116561192,sigmoid,64,25,tanh,0.01,relu,0.01,0.6,320,3,binary_crossentropy,nadam,16
0.824531017493793,0.917428631837477,0.777569711939843,sigmoid,64,25,tanh,0.001,relu,0.001,0.6,320,3,binary_crossentropy,nadam,256
0.823918213947368,0.921689100286181,0.778489854985081,sigmoid,64,25,relu,0.01,tanh,0.001,0.6,320,5,binary_crossentropy,nadam,64
0.823900518163888,0.92311654462736,0.779376397051167,sigmoid,64,25,tanh,0.01,relu,0.001,0.6,64,3,binary_crossentropy,nadam,64
0.823252832605755,0.954024734801334,0.768679847420683,sigmoid,64,25,relu,0.01,tanh,0.001,0.6,320,5,binary_crossentropy,nadam,256
0.823232712386829,0.926186941638586,0.783762927456603,sigmoid,64,50,relu,0.01,tanh,0.01,0.6,320,3,binary_crossentropy,nadam,16
0.823152906061693,0.933369725302288,0.774851519036786,sigmoid,64,25,relu,0.01,relu,0.01,0.6,64,5,binary_crossentropy,nadam,64
0.823018426197604,0.920639515155787,0.774981386466854,sigmoid,64,25,relu,0.001,tanh,0.001,0.6,64,3,binary_crossentropy,nadam,256
0.822491080372452,0.933769694454146,0.768863665435453,sigmoid,64,50,tanh,0.001,tanh,0.01,0.6,320,5,binary_crossentropy,nadam,256
0.821935140652299,0.956941079746492,0.759458600160245,sigmoid,64,50,tanh,0.001,tanh,0.001,0.6,320,5,binary_crossentropy,nadam,16
0.821871443561801,0.954050624352375,0.761560170939327,sigmoid,64,25,relu,0.001,tanh,0.01,0.6,320,5,binary_crossentropy,nadam,16
0.821702046720962,0.913420024126578,0.778968899178101,sigmoid,64,50,relu,0.01,tanh,0.01,0.6,320,5,binary_crossentropy,nadam,256
0.821432227191614,0.918981415452488,0.770001802724466,sigmoid,64,50,relu,0.001,relu,0.001,0.6,320,5,binary_crossentropy,nadam,16
0.821189052810773,0.91008616068056,0.774430431464408,sigmoid,64,25,tanh,0.001,relu,0.001,0.6,64,3,binary_crossentropy,nadam,256
0.821160478012075,0.928336066396902,0.782695928238835,sigmoid,64,25,tanh,0.01,tanh,0.001,0.6,64,3,binary_crossentropy,nadam,64
0.82109342896414,0.943280050076164,0.766716036498054,sigmoid,64,25,relu,0.001,relu,0.01,0.6,64,3,binary_crossentropy,nadam,256
0.821074888739315,0.935496892719133,0.766338654349392,sigmoid,64,25,tanh,0.01,tanh,0.001,0.6,320,3,binary_crossentropy,nadam,64
0.820874411814468,0.915636412938377,0.791737977632478,sigmoid,64,50,tanh,0.001,tanh,0.001,0.6,320,3,binary_crossentropy,nadam,64
0.820568889546042,0.951522273513877,0.763664987871714,sigmoid,64,25,tanh,0.001,relu,0.001,0.6,64,3,binary_crossentropy,nadam,64
0.820317550094947,0.924406851651895,0.777046451185132,sigmoid,64,50,tanh,0.01,relu,0.01,0.6,64,5,binary_crossentropy,nadam,256
0.820264947285407,0.960259916830559,0.764580734343751,sigmoid,64,50,tanh,0.001,relu,0.001,0.6,64,5,binary_crossentropy,nadam,64
0.819927291303488,0.931049287063401,0.76585206274971,sigmoid,64,25,tanh,0.01,relu,0.001,0.6,320,3,binary_crossentropy,nadam,16
0.819881218830809,0.933050159861942,0.767552143832356,sigmoid,64,50,relu,0.001,tanh,0.01,0.6,320,3,binary_crossentropy,nadam,64
0.819262052728352,0.873980196968518,0.792781836829182,sigmoid,64,50,relu,0.001,relu,0.001,0.6,64,3,binary_crossentropy,nadam,256
0.818710021370337,0.957200014555695,0.761831607653857,sigmoid,64,50,tanh,0.01,tanh,0.01,0.6,320,5,binary_crossentropy,nadam,16
0.818675216449157,0.915578577098544,0.794392315055925,sigmoid,64,25,tanh,0.01,tanh,0.001,0.6,320,3,binary_crossentropy,nadam,256
0.818623891954431,0.938889601703077,0.762704479463031,sigmoid,64,25,tanh,0.001,relu,0.01,0.6,320,3,binary_crossentropy,nadam,16
0.818602769958982,0.92732801137157,0.772094541690745,sigmoid,64,50,tanh,0.01,relu,0.001,0.6,320,3,binary_crossentropy,nadam,16
0.818351342846641,0.925051739835889,0.765064896277573,sigmoid,64,50,relu,0.01,tanh,0.001,0.6,64,3,binary_crossentropy,nadam,256
0.818077995598605,0.935074731984262,0.767293574074549,sigmoid,64,25,relu,0.001,relu,0.001,0.6,320,5,binary_crossentropy,nadam,256
0.81802173500169,0.840737448678985,0.810706966118531,sigmoid,64,50,relu,0.01,relu,0.001,0.6,64,3,binary_crossentropy,nadam,256
0.818013841862555,0.940335007635223,0.759606193873771,sigmoid,64,25,relu,0.01,relu,0.01,0.6,64,5,binary_crossentropy,nadam,16
0.817950919070574,0.871618505373469,0.784317879417919,sigmoid,64,50,tanh,0.01,relu,0.001,0.6,320,3,binary_crossentropy,nadam,256
0.81786841067435,0.961318286394494,0.75761056852882,sigmoid,64,25,tanh,0.001,tanh,0.01,0.6,320,5,binary_crossentropy,nadam,256
0.817710384958235,0.970452770556646,0.753945137293513,sigmoid,64,25,tanh,0.001,relu,0.001,0.6,64,5,binary_crossentropy,nadam,16
0.817599210774341,0.950648177777203,0.759502657217888,sigmoid,64,25,tanh,0.01,relu,0.001,0.6,320,3,binary_crossentropy,nadam,256
0.81748621106734,0.90506711879255,0.776448175071989,sigmoid,64,50,relu,0.01,relu,0.01,0.6,320,3,binary_crossentropy,nadam,64
0.81732852574957,0.931953819433911,0.75939238605261,sigmoid,64,25,relu,0.001,tanh,0.001,0.6,64,3,binary_crossentropy,nadam,64
0.816473397604679,0.937146182476281,0.761873255933252,sigmoid,64,25,relu,0.01,tanh,0.01,0.6,320,5,binary_crossentropy,nadam,16
0.816402970802255,0.970461867094188,0.752901956647444,sigmoid,64,50,tanh,0.001,tanh,0.001,0.6,64,5,binary_crossentropy,nadam,16
0.816368120461362,0.944470213677826,0.755703057299154,sigmoid,64,25,tanh,0.01,relu,0.01,0.6,320,5,binary_crossentropy,nadam,16
0.816216257902249,0.927747825359013,0.761985855319177,sigmoid,64,25,relu,0.001,relu,0.001,0.6,320,3,binary_crossentropy,nadam,64
0.816089847019494,0.942031389480217,0.759013656839957,sigmoid,64,25,tanh,0.001,relu,0.01,0.6,64,5,binary_crossentropy,nadam,256
0.816002492236414,0.919798049194548,0.774654114912879,sigmoid,64,50,relu,0.01,tanh,0.01,0.6,64,3,binary_crossentropy,nadam,16
0.815980041393967,0.945851157154776,0.754510432234688,sigmoid,64,50,tanh,0.01,relu,0.01,0.6,64,5,binary_crossentropy,nadam,16
0.815762531390877,0.934725841022489,0.758421485713478,sigmoid,64,25,tanh,0.01,tanh,0.01,0.6,320,5,binary_crossentropy,nadam,256
0.815680107909255,0.957028792404243,0.766000592259478,sigmoid,64,25,tanh,0.001,tanh,0.001,0.6,64,3,binary_crossentropy,nadam,64
0.815663196748277,0.910334946429659,0.766571521244593,sigmoid,64,50,tanh,0.001,relu,0.01,0.6,320,3,binary_crossentropy,nadam,256
0.815567745310121,0.913468480977506,0.763983724773164,sigmoid,64,50,relu,0.001,tanh,0.01,0.6,64,3,binary_crossentropy,nadam,256
0.815477509317781,0.905564576695585,0.772045646188993,sigmoid,64,50,tanh,0.01,relu,0.01,0.6,64,3,binary_crossentropy,nadam,256
0.815277303419605,0.940063687715186,0.772178275642387,sigmoid,64,25,relu,0.001,relu,0.001,0.6,320,5,binary_crossentropy,nadam,64
0.815250670167257,0.933722469615645,0.755416969171056,sigmoid,64,25,relu,0.001,relu,0.01,0.6,320,3,binary_crossentropy,nadam,16
0.81488907732392,0.930616731572909,0.779301885333616,sigmoid,64,25,tanh,0.01,tanh,0.01,0.6,320,3,binary_crossentropy,nadam,64
0.813940392504019,0.919315226248328,0.773606839452903,sigmoid,64,50,tanh,0.001,tanh,0.01,0.6,320,3,binary_crossentropy,nadam,256
0.813575636585632,0.890574053562419,0.777127516333307,sigmoid,64,50,relu,0.01,relu,0.001,0.6,320,3,binary_crossentropy,nadam,256
0.813465989690758,0.92782580059117,0.760782400967573,sigmoid,64,50,relu,0.001,tanh,0.01,0.6,64,5,binary_crossentropy,nadam,256
0.813212891931692,0.941895905302156,0.752614017814474,sigmoid,64,25,tanh,0.001,tanh,0.001,0.6,320,3,binary_crossentropy,nadam,256
0.813190861877576,0.903670941210514,0.767250779969286,sigmoid,64,50,tanh,0.001,tanh,0.001,0.6,320,3,binary_crossentropy,nadam,256
0.813133509946136,0.880980939131503,0.795988452441095,sigmoid,64,50,relu,0.01,tanh,0.001,0.6,320,5,binary_crossentropy,nadam,64
0.812947267691591,0.937214695653324,0.754343861376447,sigmoid,64,25,relu,0.001,relu,0.001,0.6,64,3,binary_crossentropy,nadam,16
0.812908716420991,0.91574601241375,0.76062665939647,sigmoid,64,25,relu,0.001,relu,0.01,0.6,320,3,binary_crossentropy,nadam,256
0.812577206399569,0.927814341025013,0.75923353086042,sigmoid,64,50,relu,0.01,relu,0.001,0.6,320,3,binary_crossentropy,nadam,16
0.812551855105939,0.892815759780859,0.767151302930124,sigmoid,64,50,relu,0.01,tanh,0.001,0.6,64,5,binary_crossentropy,nadam,256
0.812404273240722,0.878272216650354,0.777052874219687,sigmoid,64,50,tanh,0.001,relu,0.001,0.6,64,5,binary_crossentropy,nadam,256
0.811926727671998,0.922871838443473,0.765801271182673,sigmoid,64,25,relu,0.01,tanh,0.001,0.6,64,3,binary_crossentropy,nadam,16
0.811819254445473,0.959217907872281,0.747966031357207,sigmoid,64,50,tanh,0.001,tanh,0.01,0.6,64,5,binary_crossentropy,nadam,16
0.811800182482755,0.919935110253454,0.767638956244063,sigmoid,64,50,tanh,0.01,relu,0.001,0.6,320,5,binary_crossentropy,nadam,64
0.811784622655365,0.937459682967397,0.758073656014518,sigmoid,64,25,relu,0.01,relu,0.001,0.6,64,3,binary_crossentropy,nadam,64
0.811784622655365,0.937459682967397,0.758073656014518,sigmoid,64,25,relu,0.01,tanh,0.01,0.6,64,3,binary_crossentropy,nadam,64
0.811784622655365,0.937459682967397,0.758073656014518,sigmoid,64,25,relu,0.01,tanh,0.01,0.6,64,3,binary_crossentropy,nadam,16
0.811686782350911,0.941245673510335,0.753385203672636,sigmoid,64,25,tanh,0.001,tanh,0.001,0.6,64,5,binary_crossentropy,nadam,256
0.811592895698849,0.94632087287609,0.753431669508527,sigmoid,64,25,relu,0.01,tanh,0.01,0.6,320,5,binary_crossentropy,nadam,64
0.811568898238613,0.953848313177398,0.75051485581364,sigmoid,64,25,relu,0.001,relu,0.01,0.6,320,3,binary_crossentropy,nadam,64
0.811454319978971,0.910503103778532,0.766103549954372,sigmoid,64,25,relu,0.01,tanh,0.001,0.6,320,3,binary_crossentropy,nadam,64
0.811273571599009,0.90671985956282,0.759514315690891,sigmoid,64,50,relu,0.01,relu,0.01,0.6,64,5,binary_crossentropy,nadam,256
0.810829482373066,0.94361879429676,0.752878968836598,sigmoid,64,25,relu,0.001,relu,0.001,0.6,320,5,binary_crossentropy,nadam,16
0.810510110923602,0.919692233202887,0.763452161207209,sigmoid,64,50,tanh,0.01,relu,0.01,0.6,320,3,binary_crossentropy,nadam,16
0.810241169819389,0.969554060928967,0.745524481535312,sigmoid,64,25,tanh,0.001,tanh,0.01,0.6,320,5,binary_crossentropy,nadam,16
0.809894161626284,0.94191180988261,0.749072282774544,sigmoid,64,50,relu,0.001,tanh,0.001,0.6,64,3,binary_crossentropy,nadam,16
0.809656622382672,0.941301781522548,0.754700735941864,sigmoid,64,25,tanh,0.001,relu,0.001,0.6,64,5,binary_crossentropy,nadam,64
0.809562334692042,0.937971505427035,0.75157331219468,sigmoid,64,50,tanh,0.01,tanh,0.01,0.6,64,3,binary_crossentropy,nadam,16
0.809328195592006,0.874242473301456,0.788709809894852,sigmoid,64,50,tanh,0.01,tanh,0.01,0.6,64,3,binary_crossentropy,nadam,256
0.80907929965522,0.917389007622985,0.760418092215085,sigmoid,64,50,tanh,0.01,tanh,0.001,0.6,320,5,binary_crossentropy,nadam,256
0.808997386554583,0.938695701680775,0.748415547007179,sigmoid,64,25,relu,0.001,relu,0.001,0.6,320,3,binary_crossentropy,nadam,16
0.80887939600505,0.906218421492723,0.771426379775503,sigmoid,64,25,relu,0.01,relu,0.001,0.6,64,5,binary_crossentropy,nadam,256
0.808751238915601,0.931053725045634,0.750285067378504,sigmoid,64,50,relu,0.01,tanh,0.01,0.6,64,3,binary_crossentropy,nadam,256
0.808408223696571,0.941113985584474,0.749906338165851,sigmoid,64,50,tanh,0.01,tanh,0.01,0.6,320,5,binary_crossentropy,nadam,64
0.808234330235012,0.927897265591398,0.759721037368732,sigmoid,64,50,tanh,0.01,tanh,0.001,0.6,64,3,binary_crossentropy,nadam,64
0.808013213967065,0.924625974866676,0.751287224066581,sigmoid,64,25,tanh,0.01,tanh,0.01,0.6,64,3,binary_crossentropy,nadam,64
0.807929631914678,0.94820808211841,0.747130482096281,sigmoid,64,50,relu,0.001,tanh,0.001,0.6,64,5,binary_crossentropy,nadam,16
0.807915167332317,0.939465083867696,0.749012245102927,sigmoid,64,25,relu,0.01,tanh,0.001,0.6,64,5,binary_crossentropy,nadam,256
0.807836191261199,0.925621063653555,0.755361650634749,sigmoid,64,25,tanh,0.01,tanh,0.001,0.6,64,3,binary_crossentropy,nadam,256
0.807835228068847,0.933799436182863,0.748555223816531,sigmoid,64,50,relu,0.001,relu,0.001,0.6,64,3,binary_crossentropy,nadam,16
0.807751991909955,0.955261362280457,0.744773455216644,sigmoid,64,25,tanh,0.001,relu,0.001,0.6,320,5,binary_crossentropy,nadam,16
0.807665423233265,0.952925645154972,0.745744355555775,sigmoid,64,25,tanh,0.001,relu,0.01,0.6,64,5,binary_crossentropy,nadam,16
0.807597816568962,0.940490875719662,0.749188062065747,sigmoid,64,25,relu,0.001,tanh,0.01,0.6,64,3,binary_crossentropy,nadam,256
0.807506311910848,0.955252361336574,0.744014511993801,sigmoid,64,25,relu,0.001,relu,0.01,0.6,320,5,binary_crossentropy,nadam,16
0.807407886355292,0.939378219903694,0.749621743907371,sigmoid,64,50,tanh,0.01,tanh,0.01,0.6,320,3,binary_crossentropy,nadam,16
0.807320885151615,0.915785971765433,0.755287603770716,sigmoid,64,50,relu,0.001,relu,0.01,0.6,64,5,binary_crossentropy,nadam,256
0.807188418779784,0.891513415657057,0.770766299433647,sigmoid,64,50,relu,0.01,tanh,0.001,0.6,320,3,binary_crossentropy,nadam,16
0.807181152804844,0.952907643267207,0.743720506961529,sigmoid,64,25,relu,0.001,tanh,0.01,0.6,64,5,binary_crossentropy,nadam,64
0.807053517434363,0.943754637932065,0.746699275280932,sigmoid,64,50,tanh,0.001,relu,0.001,0.6,320,3,binary_crossentropy,nadam,256
0.806950940081476,0.933113159817312,0.753303155756653,sigmoid,64,50,relu,0.01,relu,0.01,0.6,64,3,binary_crossentropy,nadam,64
0.806675560785956,0.955269497748966,0.743183288464022,sigmoid,64,50,relu,0.001,relu,0.01,0.6,320,5,binary_crossentropy,nadam,16
0.80663178600721,0.882074105598563,0.772499453296967,sigmoid,64,50,relu,0.01,tanh,0.001,0.6,64,3,binary_crossentropy,nadam,64
0.806529725961328,0.940499011188171,0.748429118842905,sigmoid,64,50,tanh,0.001,relu,0.001,0.6,320,5,binary_crossentropy,nadam,64
0.806071995503419,0.94609849052606,0.744969431718958,sigmoid,64,25,tanh,0.01,tanh,0.01,0.6,64,5,binary_crossentropy,nadam,64
0.805959082670089,0.949669652054513,0.745450350523503,sigmoid,64,50,relu,0.001,tanh,0.01,0.6,64,5,binary_crossentropy,nadam,16
0.805953950874794,0.955242494917318,0.741231720176714,sigmoid,64,25,relu,0.001,relu,0.01,0.6,320,5,binary_crossentropy,nadam,64
0.805787219603634,0.896419517898129,0.765427630602841,sigmoid,64,50,relu,0.001,relu,0.001,0.6,64,3,binary_crossentropy,nadam,64
0.805662260514097,0.927171808539312,0.750166879309053,sigmoid,64,50,relu,0.001,tanh,0.001,0.6,64,3,binary_crossentropy,nadam,256
0.805558677411888,0.905178226377465,0.75883045036337,sigmoid,64,50,relu,0.01,relu,0.01,0.6,320,5,binary_crossentropy,nadam,16
0.805472316829296,0.961484120700554,0.750011368691353,sigmoid,64,25,tanh,0.01,tanh,0.01,0.6,64,5,binary_crossentropy,nadam,16
0.805353064182775,0.938532616601209,0.745470510062997,sigmoid,64,50,tanh,0.001,tanh,0.001,0.6,320,5,binary_crossentropy,nadam,64
0.805318669808366,0.89922856684577,0.764667274031817,sigmoid,64,50,relu,0.01,relu,0.001,0.6,320,3,binary_crossentropy,nadam,64
0.805052725493857,0.952905362781611,0.741335256832597,sigmoid,64,50,tanh,0.001,tanh,0.001,0.6,64,3,binary_crossentropy,nadam,16
0.8049776812117,0.925306817317625,0.749718794870848,sigmoid,64,50,tanh,0.01,relu,0.01,0.6,320,5,binary_crossentropy,nadam,64
0.804759696857449,0.936569454998377,0.751749129157501,sigmoid,64,50,tanh,0.001,tanh,0.01,0.6,320,3,binary_crossentropy,nadam,16
0.804739345584274,0.910071051069675,0.752655318050118,sigmoid,64,50,relu,0.001,relu,0.001,0.6,320,3,binary_crossentropy,nadam,16
0.804465557034608,0.902650812598545,0.756068279349119,sigmoid,64,25,relu,0.001,relu,0.001,0.6,64,3,binary_crossentropy,nadam,256
0.804296969653813,0.918748213591608,0.755103785755945,sigmoid,64,50,relu,0.01,tanh,0.01,0.6,64,3,binary_crossentropy,nadam,64
0.804245888922074,0.905340264064536,0.759161295913896,sigmoid,64,50,relu,0.01,tanh,0.001,0.6,320,5,binary_crossentropy,nadam,256
0.804204801635503,0.935206393834286,0.746125916629956,sigmoid,64,25,relu,0.01,tanh,0.001,0.6,320,5,binary_crossentropy,nadam,16
0.803910484576462,0.922619694225927,0.749398525312418,sigmoid,64,50,tanh,0.001,relu,0.001,0.6,64,3,binary_crossentropy,nadam,64
0.803521300975018,0.938491738351494,0.742150499748402,sigmoid,64,50,relu,0.001,tanh,0.01,0.6,320,5,binary_crossentropy,nadam,64
0.803314144351069,0.968707367150934,0.740929798240267,sigmoid,64,25,relu,0.001,relu,0.001,0.6,64,5,binary_crossentropy,nadam,16
0.803043816924887,0.96865465892099,0.738441011455452,sigmoid,64,25,tanh,0.001,tanh,0.001,0.6,320,5,binary_crossentropy,nadam,16
0.802728931545681,0.920118578102587,0.751108725638035,sigmoid,64,50,tanh,0.01,relu,0.01,0.6,64,3,binary_crossentropy,nadam,64
0.802619063504785,0.958440894662798,0.744342248401294,sigmoid,64,25,relu,0.001,relu,0.01,0.6,64,3,binary_crossentropy,nadam,16
0.802389361048471,0.916884848428451,0.754552830753499,sigmoid,64,25,relu,0.001,relu,0.001,0.6,64,5,binary_crossentropy,nadam,256
0.802246053743436,0.968715502619443,0.740170855017426,sigmoid,64,25,tanh,0.001,relu,0.01,0.6,64,5,binary_crossentropy,nadam,64
0.801961669639287,0.933625225259357,0.760088111698557,sigmoid,64,25,tanh,0.01,tanh,0.001,0.6,320,5,binary_crossentropy,nadam,256
0.801679904186387,0.915632751823042,0.752741103944755,sigmoid,64,50,tanh,0.001,relu,0.01,0.6,320,3,binary_crossentropy,nadam,64
0.801623634683302,0.937137924921868,0.748082204052574,sigmoid,64,25,relu,0.001,relu,0.01,0.6,64,5,binary_crossentropy,nadam,16
0.801619110326416,0.968653557973938,0.736638887586541,sigmoid,64,50,tanh,0.001,tanh,0.01,0.6,64,5,binary_crossentropy,nadam,64
0.801547483927194,0.96860024469094,0.73392837607639,sigmoid,64,25,tanh,0.001,tanh,0.001,0.6,64,5,binary_crossentropy,nadam,64
0.80153026902744,0.906407758617141,0.763172727030905,sigmoid,64,50,relu,0.01,relu,0.01,0.6,320,3,binary_crossentropy,nadam,16
0.801385311468617,0.968635445367701,0.73522453779674,sigmoid,64,25,tanh,0.001,tanh,0.01,0.6,64,5,binary_crossentropy,nadam,64
0.801319115297418,0.919663796935739,0.753567443670012,sigmoid,64,50,tanh,0.001,tanh,0.01,0.6,64,3,binary_crossentropy,nadam,256
0.801081485312664,0.928407782507531,0.742473910424748,sigmoid,64,25,relu,0.001,relu,0.001,0.6,64,5,binary_crossentropy,nadam,64
0.80090198371954,0.877757836072281,0.757846358894254,sigmoid,64,50,relu,0.01,tanh,0.001,0.6,320,3,binary_crossentropy,nadam,64
0.800864934488719,0.888960672591811,0.758411171118326,sigmoid,64,25,relu,0.01,relu,0.001,0.6,320,3,binary_crossentropy,nadam,64
0.800795284310141,0.894008925989969,0.758481362306058,sigmoid,64,50,tanh,0.001,relu,0.001,0.6,64,3,binary_crossentropy,nadam,256
0.800708199597951,0.918436851940709,0.748394874754722,sigmoid,64,50,tanh,0.01,tanh,0.001,0.6,64,5,binary_crossentropy,nadam,256
0.800694570234619,0.901115724210626,0.75706110578484,sigmoid,64,50,relu,0.001,tanh,0.001,0.6,320,3,binary_crossentropy,nadam,256
0.800592555322626,0.897718320301432,0.752488747191877,sigmoid,64,25,tanh,0.01,relu,0.001,0.6,320,3,binary_crossentropy,nadam,64
0.800349719744292,0.933550083682984,0.743762155240924,sigmoid,64,50,tanh,0.01,relu,0.01,0.6,64,3,binary_crossentropy,nadam,16
0.800039291391505,0.921298763247128,0.750955941846475,sigmoid,64,50,tanh,0.01,tanh,0.01,0.6,320,3,binary_crossentropy,nadam,256
0.799970800247696,0.920337839830121,0.749953620489185,sigmoid,64,50,tanh,0.01,tanh,0.001,0.6,320,3,binary_crossentropy,nadam,256
0.799671428602876,0.9495293376309,0.74579824647049,sigmoid,64,25,tanh,0.001,relu,0.001,0.6,320,3,binary_crossentropy,nadam,64
0.799326886289478,0.920937966966848,0.746218191807175,sigmoid,64,25,relu,0.01,relu,0.001,0.6,64,3,binary_crossentropy,nadam,16
0.799320592202061,0.948752960705484,0.737860918295081,sigmoid,64,25,relu,0.001,tanh,0.001,0.6,320,5,binary_crossentropy,nadam,16
0.799257551117027,0.934706512386426,0.744593378770703,sigmoid,64,25,relu,0.01,relu,0.001,0.6,320,3,binary_crossentropy,nadam,256
0.799174705075986,0.954361267892181,0.735666136542538,sigmoid,64,25,relu,0.001,relu,0.01,0.6,64,5,binary_crossentropy,nadam,64
0.799049555741447,0.923856399269989,0.743416587514585,sigmoid,64,50,tanh,0.01,tanh,0.001,0.6,320,3,binary_crossentropy,nadam,64
0.799021973066569,0.95202572386177,0.736131074733108,sigmoid,64,25,relu,0.01,tanh,0.001,0.6,64,5,binary_crossentropy,nadam,16
0.798744579133485,0.941612470204348,0.739606394427279,sigmoid,64,50,tanh,0.001,relu,0.01,0.6,64,5,binary_crossentropy,nadam,64
0.798737948435738,0.918569350568268,0.744740972484229,sigmoid,64,50,relu,0.001,relu,0.01,0.6,64,3,binary_crossentropy,nadam,64
0.798157814202383,0.914816746025596,0.750048343195851,sigmoid,64,50,relu,0.001,relu,0.01,0.6,320,3,binary_crossentropy,nadam,256
0.798095324466278,0.912203727553174,0.754952847467929,sigmoid,64,25,relu,0.01,tanh,0.001,0.6,320,3,binary_crossentropy,nadam,16
0.797727837264181,0.924143022136846,0.740734656088982,sigmoid,64,50,tanh,0.001,relu,0.001,0.6,320,5,binary_crossentropy,nadam,256
0.797723577107152,0.935266658732363,0.738314759676199,sigmoid,64,50,tanh,0.01,tanh,0.001,0.6,320,3,binary_crossentropy,nadam,16
0.797412248139351,0.876420738391635,0.76623665531239,sigmoid,64,50,tanh,0.01,tanh,0.001,0.6,64,3,binary_crossentropy,nadam,256
0.797275570677676,0.928324098374236,0.740806936395919,sigmoid,64,50,tanh,0.01,relu,0.001,0.6,320,3,binary_crossentropy,nadam,64
0.797275570677676,0.928324098374236,0.740806936395919,sigmoid,64,50,tanh,0.01,relu,0.001,0.6,64,5,binary_crossentropy,nadam,64
0.797179972548071,0.924707230462126,0.751213806725278,sigmoid,64,50,relu,0.01,relu,0.001,0.6,64,3,binary_crossentropy,nadam,64
0.797121721848397,0.951948214694281,0.737386569330719,sigmoid,64,50,tanh,0.001,relu,0.01,0.6,64,5,binary_crossentropy,nadam,16
0.797106464630393,0.935415372352144,0.73764711047392,sigmoid,64,25,relu,0.001,tanh,0.001,0.6,64,3,binary_crossentropy,nadam,16
0.796958249182138,0.956161093482643,0.739463327683023,sigmoid,64,25,tanh,0.01,relu,0.001,0.6,64,5,binary_crossentropy,nadam,16
0.796764955527552,0.905112043267897,0.745325994809536,sigmoid,64,25,tanh,0.01,tanh,0.01,0.6,64,5,binary_crossentropy,nadam,256
0.796614964387539,0.954338378646133,0.736355274484717,sigmoid,64,25,tanh,0.01,tanh,0.01,0.6,320,5,binary_crossentropy,nadam,64
0.796600703251708,0.92625371226327,0.739035712040701,sigmoid,64,50,tanh,0.001,tanh,0.001,0.6,64,3,binary_crossentropy,nadam,64
0.796416680462637,0.898156424192797,0.746877339942963,sigmoid,64,25,relu,0.01,relu,0.01,0.6,320,3,binary_crossentropy,nadam,64
0.796346458314007,0.91051403724564,0.750977430586375,sigmoid,64,50,relu,0.001,relu,0.01,0.6,64,3,binary_crossentropy,nadam,16
0.79634473352181,0.915427924035733,0.744731561710436,sigmoid,64,50,tanh,0.001,relu,0.01,0.6,64,3,binary_crossentropy,nadam,64
0.796251985875772,0.934376895469038,0.738093034950865,sigmoid,64,25,relu,0.001,tanh,0.01,0.6,320,3,binary_crossentropy,nadam,64
0.796148133200492,0.954338854470779,0.73690226059127,sigmoid,64,25,tanh,0.001,relu,0.001,0.6,64,5,binary_crossentropy,nadam,256
0.796123605497889,0.909813333279122,0.756871665536673,sigmoid,64,25,tanh,0.01,relu,0.001,0.6,320,5,binary_crossentropy,nadam,16
0.796039993571008,0.920397191582484,0.747159329666979,sigmoid,64,50,tanh,0.001,relu,0.01,0.6,320,3,binary_crossentropy,nadam,16
0.795940142543939,0.93436806762023,0.736828129579461,sigmoid,64,25,relu,0.01,tanh,0.01,0.6,64,5,binary_crossentropy,nadam,256
0.795641523408447,0.937640830776516,0.735098286017487,sigmoid,64,50,tanh,0.01,tanh,0.01,0.6,64,5,binary_crossentropy,nadam,16
0.795390010352225,0.902823613201141,0.745710378953741,sigmoid,64,50,tanh,0.001,tanh,0.01,0.6,320,3,binary_crossentropy,nadam,64
0.795309984989443,0.939958372919161,0.732609499232672,sigmoid,64,50,tanh,0.001,tanh,0.01,0.6,320,5,binary_crossentropy,nadam,64
0.795257777785004,0.872125370607356,0.759942436345817,sigmoid,64,50,relu,0.01,relu,0.01,0.6,64,3,binary_crossentropy,nadam,256
0.795238839021346,0.932037327315006,0.738779697866769,sigmoid,64,25,tanh,0.001,relu,0.01,0.6,320,3,binary_crossentropy,nadam,256
0.794881112896465,0.94014883654711,0.734760782000949,sigmoid,64,25,tanh,0.01,relu,0.01,0.6,64,5,binary_crossentropy,nadam,16
0.794518093470088,0.919673936134144,0.746372355360882,sigmoid,64,50,tanh,0.001,tanh,0.001,0.6,64,3,binary_crossentropy,nadam,256
0.794238367560032,0.929500395636022,0.739822878512838,sigmoid,64,25,relu,0.001,tanh,0.01,0.6,64,3,binary_crossentropy,nadam,64
0.794191764290188,0.93934450184951,0.731313337512322,sigmoid,64,25,tanh,0.01,relu,0.01,0.6,320,3,binary_crossentropy,nadam,64
0.793926881247072,0.931243274818048,0.736606404854126,sigmoid,64,25,relu,0.01,tanh,0.01,0.6,320,3,binary_crossentropy,nadam,256
0.793926881247072,0.931243274818048,0.736606404854126,sigmoid,64,25,relu,0.001,relu,0.01,0.6,64,3,binary_crossentropy,nadam,64
0.793882800067245,0.9295204948311,0.740632448633505,sigmoid,64,25,relu,0.001,tanh,0.001,0.6,320,3,binary_crossentropy,nadam,16
0.79332290391462,0.936049290913046,0.732505962576789,sigmoid,64,50,tanh,0.01,relu,0.01,0.6,320,5,binary_crossentropy,nadam,16
0.79323412370591,0.913304680856579,0.751019163013545,sigmoid,64,50,tanh,0.001,tanh,0.001,0.6,64,5,binary_crossentropy,nadam,256
0.793003171503255,0.905118554978213,0.747555653763168,sigmoid,64,50,tanh,0.001,tanh,0.001,0.6,320,5,binary_crossentropy,nadam,256
0.792877060661361,0.88650676597537,0.757307595077508,sigmoid,64,50,relu,0.01,relu,0.01,0.6,320,5,binary_crossentropy,nadam,256
0.792788844762073,0.92146477820341,0.753433551300402,sigmoid,64,50,tanh,0.01,tanh,0.01,0.6,64,5,binary_crossentropy,nadam,256
0.792619402444072,0.921361875642238,0.744376537849891,sigmoid,64,25,relu,0.01,relu,0.01,0.6,64,3,binary_crossentropy,nadam,16
0.792233973370306,0.941844562544277,0.735339381291701,sigmoid,64,50,tanh,0.01,relu,0.001,0.6,64,3,binary_crossentropy,nadam,64
0.792160511977718,0.931269045817757,0.735847461631284,sigmoid,64,25,tanh,0.01,tanh,0.01,0.6,320,3,binary_crossentropy,nadam,256
0.791824620172067,0.951126321853793,0.729047604653248,sigmoid,64,25,tanh,0.001,relu,0.01,0.6,320,5,binary_crossentropy,nadam,64
0.791737543553244,0.899390377913369,0.758122871579348,sigmoid,64,25,tanh,0.01,tanh,0.001,0.6,64,5,binary_crossentropy,nadam,256
0.791478501730667,0.912152846302257,0.74412355677561,sigmoid,64,25,tanh,0.01,tanh,0.01,0.6,320,3,binary_crossentropy,nadam,16
0.791464915279254,0.947879869148856,0.730705167908284,sigmoid,64,25,tanh,0.001,relu,0.01,0.6,64,3,binary_crossentropy,nadam,256
0.791340349743647,0.951108319966027,0.727023756059002,sigmoid,64,25,tanh,0.001,tanh,0.001,0.6,64,3,binary_crossentropy,nadam,16
0.791184741662776,0.913012279781052,0.737579201258543,sigmoid,64,50,relu,0.001,relu,0.01,0.6,320,3,binary_crossentropy,nadam,64
0.791166296143762,0.951152632305142,0.72897532434631,sigmoid,64,25,relu,0.001,tanh,0.01,0.6,64,5,binary_crossentropy,nadam,16
0.791069136277467,0.941715640512482,0.733503592295596,sigmoid,64,50,tanh,0.01,tanh,0.01,0.6,64,5,binary_crossentropy,nadam,64
0.79084438597188,0.939541048339811,0.736719436431578,sigmoid,64,25,tanh,0.01,tanh,0.001,0.6,64,5,binary_crossentropy,nadam,16
0.790801780210751,0.903473438727483,0.742990456669798,sigmoid,64,50,tanh,0.01,tanh,0.01,0.6,64,3,binary_crossentropy,nadam,64
0.790589077725651,0.953461173503904,0.725727594338653,sigmoid,64,50,relu,0.001,tanh,0.01,0.6,320,5,binary_crossentropy,nadam,16
0.790554486656423,0.912787047772743,0.741551228205193,sigmoid,64,25,tanh,0.01,relu,0.01,0.6,64,3,binary_crossentropy,nadam,64
0.790401424724782,0.923608216111801,0.745836118020031,sigmoid,64,25,tanh,0.001,relu,0.01,0.6,320,5,binary_crossentropy,nadam,256
0.790351047388403,0.87521233555918,0.774112407106157,sigmoid,64,50,relu,0.001,tanh,0.001,0.6,320,3,binary_crossentropy,nadam,16
0.790329606121402,0.883792567756026,0.756021150404463,sigmoid,64,50,relu,0.001,tanh,0.01,0.6,320,3,binary_crossentropy,nadam,256
0.790117843973101,0.909728559740649,0.769118018571522,sigmoid,64,50,tanh,0.01,relu,0.01,0.6,64,5,binary_crossentropy,nadam,64
0.790098350188558,0.920877064268,0.733578905702185,sigmoid,64,50,relu,0.001,relu,0.01,0.6,64,5,binary_crossentropy,nadam,16
0.789339274199553,0.919499500903255,0.744414301381168,sigmoid,64,50,relu,0.001,relu,0.01,0.6,320,5,binary_crossentropy,nadam,256
0.788988469648543,0.933477666556136,0.730503602722443,sigmoid,64,25,tanh,0.001,tanh,0.01,0.6,320,3,binary_crossentropy,nadam,64
0.788742789649436,0.933468665612252,0.729744659499601,sigmoid,64,25,tanh,0.001,relu,0.001,0.6,320,3,binary_crossentropy,nadam,16
0.788104785931828,0.955342679496247,0.729165792722699,sigmoid,64,25,tanh,0.001,tanh,0.001,0.6,320,5,binary_crossentropy,nadam,64
0.787190428613383,0.933458799192996,0.726961867682513,sigmoid,64,50,relu,0.01,tanh,0.001,0.6,320,5,binary_crossentropy,nadam,16
0.786756157002091,0.910756931553431,0.730360581338601,sigmoid,64,50,tanh,0.001,relu,0.001,0.6,320,5,binary_crossentropy,nadam,16
0.786608880484408,0.926234437767176,0.732667128126041,sigmoid,64,25,tanh,0.001,relu,0.01,0.6,320,3,binary_crossentropy,nadam,64
0.786552424895775,0.955332813076991,0.726383000905612,sigmoid,64,25,relu,0.01,relu,0.01,0.6,320,3,binary_crossentropy,nadam,16
0.785882167971196,0.910885085298443,0.748501238070805,sigmoid,64,50,relu,0.001,relu,0.001,0.6,320,5,binary_crossentropy,nadam,256
0.785675300254711,0.966889176486615,0.72069131229781,sigmoid,64,25,tanh,0.001,tanh,0.001,0.6,64,5,binary_crossentropy,nadam,16
0.785650652827636,0.966845469200554,0.718961468735837,sigmoid,64,25,tanh,0.001,tanh,0.01,0.6,64,5,binary_crossentropy,nadam,16
0.785370118554869,0.917757951794242,0.731200657568796,sigmoid,64,25,relu,0.001,tanh,0.01,0.6,320,3,binary_crossentropy,nadam,16
0.785349594413103,0.930343180429771,0.727499086180021,sigmoid,64,50,relu,0.001,relu,0.01,0.6,320,3,binary_crossentropy,nadam,16
0.785349594413103,0.930343180429771,0.727499086180021,sigmoid,64,50,relu,0.001,tanh,0.01,0.6,64,3,binary_crossentropy,nadam,16
0.78528531712274,0.90639969258512,0.735626139101616,sigmoid,64,50,tanh,0.01,tanh,0.001,0.6,320,5,binary_crossentropy,nadam,16
0.784975696173315,0.92832857649637,0.737185355778804,sigmoid,64,50,tanh,0.001,tanh,0.01,0.6,64,5,binary_crossentropy,nadam,256
0.784932222806453,0.917055661432326,0.732480049684556,sigmoid,64,50,tanh,0.01,tanh,0.01,0.6,320,3,binary_crossentropy,nadam,64
0.784928361597032,0.914286584155803,0.752638383776315,sigmoid,64,50,tanh,0.001,tanh,0.001,0.6,320,3,binary_crossentropy,nadam,16
0.784919155639977,0.92509708689719,0.731193655573252,sigmoid,64,25,tanh,0.01,tanh,0.001,0.6,320,5,binary_crossentropy,nadam,64
0.784570596456191,0.910543499991596,0.731384391435791,sigmoid,64,25,tanh,0.01,tanh,0.01,0.6,64,3,binary_crossentropy,nadam,16
0.78354438342631,0.942060194420388,0.724917859548773,sigmoid,64,25,tanh,0.001,tanh,0.01,0.6,320,3,binary_crossentropy,nadam,256
0.783348796483623,0.919167636356388,0.726572242898532,sigmoid,64,25,tanh,0.001,relu,0.01,0.6,64,3,binary_crossentropy,nadam,64
0.78317961765999,0.917718533877633,0.727552910846709,sigmoid,64,25,tanh,0.01,relu,0.001,0.6,64,5,binary_crossentropy,nadam,256
0.783061682045169,0.946935462421465,0.71964628094687,sigmoid,64,25,relu,0.001,tanh,0.01,0.6,320,5,binary_crossentropy,nadam,64
0.782983438389318,0.859811295723789,0.746780243619073,sigmoid,64,50,relu,0.001,relu,0.01,0.6,64,5,binary_crossentropy,nadam,64
0.782763062909677,0.950208225577751,0.717916437384896,sigmoid,64,25,tanh,0.001,tanh,0.01,0.6,320,5,binary_crossentropy,nadam,64
0.782715201348698,0.946970600721622,0.720838906011336,sigmoid,64,25,relu,0.001,tanh,0.01,0.6,64,3,binary_crossentropy,nadam,16
0.782665704137946,0.914861761340773,0.733714407176192,sigmoid,64,25,tanh,0.01,tanh,0.01,0.6,320,5,binary_crossentropy,nadam,16
0.782601377512728,0.932037719206734,0.741427532009816,sigmoid,64,25,tanh,0.01,relu,0.01,0.6,64,3,binary_crossentropy,nadam,16
0.782488698137347,0.927709936175815,0.731803154377697,sigmoid,64,50,relu,0.001,tanh,0.01,0.6,64,5,binary_crossentropy,nadam,64
0.782294850596588,0.952504283401361,0.71965852358219,sigmoid,64,50,tanh,0.001,relu,0.01,0.6,320,5,binary_crossentropy,nadam,16
0.782273197228396,0.919561100380529,0.738377548651744,sigmoid,64,25,tanh,0.01,tanh,0.001,0.6,320,3,binary_crossentropy,nadam,16
0.781978669952287,0.922453866515386,0.723044994602958,sigmoid,64,50,tanh,0.001,relu,0.01,0.6,64,3,binary_crossentropy,nadam,256
0.781887447017319,0.946934250755942,0.718453655882404,sigmoid,64,25,tanh,0.001,tanh,0.01,0.6,320,3,binary_crossentropy,nadam,16
0.78174634239115,0.942041327057249,0.721376124508844,sigmoid,64,25,tanh,0.001,relu,0.01,0.6,64,3,binary_crossentropy,nadam,16
0.781679408518812,0.911823773682213,0.728468492649533,sigmoid,64,50,relu,0.01,relu,0.01,0.6,64,3,binary_crossentropy,nadam,16
0.781639840600764,0.946977909539822,0.721236447699492,sigmoid,64,25,tanh,0.001,relu,0.01,0.6,320,5,binary_crossentropy,nadam,16
0.781399569028894,0.91601402395856,0.729299716179313,sigmoid,64,50,relu,0.001,tanh,0.01,0.6,320,3,binary_crossentropy,nadam,16
0.780963607649846,0.922316415051924,0.727023243346039,sigmoid,64,50,tanh,0.001,tanh,0.01,0.6,320,5,binary_crossentropy,nadam,16
0.780557036939363,0.894896394016931,0.73122645115223,sigmoid,64,50,relu,0.001,tanh,0.001,0.6,320,3,binary_crossentropy,nadam,64
0.780503930460612,0.913628600734553,0.728034810807909,sigmoid,64,50,tanh,0.001,tanh,0.01,0.6,64,3,binary_crossentropy,nadam,64
0.780084733010794,0.933448468068044,0.718076273733742,sigmoid,64,50,tanh,0.01,relu,0.01,0.6,320,3,binary_crossentropy,nadam,64
0.780039092523391,0.894880520117146,0.731141370136596,sigmoid,64,25,tanh,0.01,relu,0.001,0.6,320,5,binary_crossentropy,nadam,64
0.779135006835,0.935866991276377,0.719666440486364,sigmoid,64,50,relu,0.01,tanh,0.01,0.6,64,5,binary_crossentropy,nadam,64
0.778570348614294,0.929461953404634,0.721933502545845,sigmoid,64,25,tanh,0.001,tanh,0.001,0.6,320,3,binary_crossentropy,nadam,16
0.778357831133907,0.886943624441872,0.742043457438991,sigmoid,64,50,tanh,0.01,relu,0.001,0.6,64,3,binary_crossentropy,nadam,256
0.777744479312884,0.911609711940509,0.725513273804529,sigmoid,64,50,relu,0.01,relu,0.01,0.6,64,5,binary_crossentropy,nadam,64
0.776629802216217,0.913368851612986,0.727011981867375,sigmoid,64,50,tanh,0.001,relu,0.01,0.6,320,5,binary_crossentropy,nadam,64
0.775758715406527,0.937522128515091,0.715734249901599,sigmoid,64,50,tanh,0.001,relu,0.01,0.6,320,5,binary_crossentropy,nadam,256
0.775558446247359,0.897787493900501,0.738308270797653,sigmoid,64,50,tanh,0.01,tanh,0.01,0.6,320,5,binary_crossentropy,nadam,256
0.774967096592341,0.941160100032112,0.715810540874668,sigmoid,64,50,tanh,0.001,tanh,0.01,0.6,64,3,binary_crossentropy,nadam,16
0.774967096592341,0.941160100032112,0.715810540874668,sigmoid,64,25,tanh,0.001,tanh,0.001,0.6,320,3,binary_crossentropy,nadam,64
0.77468097012246,0.937540130402856,0.715753893137955,sigmoid,64,50,tanh,0.01,tanh,0.001,0.6,64,5,binary_crossentropy,nadam,64
0.773923680129154,0.935941331699455,0.723653935334026,sigmoid,64,25,tanh,0.01,tanh,0.01,0.6,64,3,binary_crossentropy,nadam,256
0.773912859991078,0.899640603989863,0.720492825572034,sigmoid,64,25,tanh,0.01,relu,0.01,0.6,64,5,binary_crossentropy,nadam,256
0.773851627942119,0.951699739068291,0.715822783509988,sigmoid,64,25,relu,0.001,tanh,0.001,0.6,320,3,binary_crossentropy,nadam,64
0.773471884872077,0.89311919954968,0.724976406940947,sigmoid,64,50,tanh,0.001,relu,0.01,0.6,64,5,binary_crossentropy,nadam,256
0.773356540459002,0.913987323848611,0.725366031724929,sigmoid,64,50,tanh,0.01,relu,0.001,0.6,320,5,binary_crossentropy,nadam,256
0.771842849513129,0.915637714690913,0.715185769925427,sigmoid,64,50,tanh,0.01,tanh,0.001,0.6,320,5,binary_crossentropy,nadam,64
0.771102376505799,0.926757205059092,0.712753903564802,sigmoid,64,25,tanh,0.001,tanh,0.01,0.6,64,3,binary_crossentropy,nadam,64
0.771071310149557,0.939117388738147,0.719750798759409,sigmoid,64,25,tanh,0.01,relu,0.01,0.6,320,5,binary_crossentropy,nadam,64
0.770282900002099,0.882694646675161,0.72576676598062,sigmoid,64,25,relu,0.01,tanh,0.001,0.6,320,3,binary_crossentropy,nadam,256
0.770023339142961,0.889767971048034,0.756107335995735,sigmoid,64,25,relu,0.01,tanh,0.01,0.6,320,5,binary_crossentropy,nadam,256
0.769169266620115,0.921112900697884,0.714380210470892,sigmoid,64,25,tanh,0.001,relu,0.001,0.6,64,3,binary_crossentropy,nadam,16
0.768625952419868,0.894211638194006,0.742431117410629,sigmoid,64,50,relu,0.01,relu,0.001,0.6,320,5,binary_crossentropy,nadam,16
0.768468092486036,0.886445786798308,0.724225845475797,sigmoid,64,50,relu,0.01,tanh,0.001,0.6,320,3,binary_crossentropy,nadam,256
0.767782182609062,0.95187291342965,0.718017565262532,sigmoid,64,25,tanh,0.01,relu,0.01,0.6,320,5,binary_crossentropy,nadam,256
0.76692450448651,0.856846008365248,0.726469477369678,sigmoid,64,25,tanh,0.01,tanh,0.001,0.6,64,5,binary_crossentropy,nadam,64
0.766573931627351,0.936777397252841,0.707342648153546,sigmoid,64,50,tanh,0.01,tanh,0.001,0.6,64,5,binary_crossentropy,nadam,16
0.766540725216853,0.907649585956581,0.712964366811472,sigmoid,64,25,tanh,0.01,relu,0.01,0.6,64,3,binary_crossentropy,nadam,256
0.766534783549416,0.945205598776557,0.705334780173275,sigmoid,64,25,tanh,0.01,relu,0.01,0.6,64,5,binary_crossentropy,nadam,64
0.766352845671541,0.965337943666667,0.712622290465251,sigmoid,64,25,relu,0.01,relu,0.01,0.6,320,5,binary_crossentropy,nadam,64
0.762483658269948,0.918453149954802,0.720264677812144,sigmoid,64,25,relu,0.01,tanh,0.01,0.6,320,3,binary_crossentropy,nadam,16
0.762372066182564,0.940326820342657,0.706197260052001,sigmoid,64,25,relu,0.01,tanh,0.01,0.6,64,5,binary_crossentropy,nadam,16
0.760157140483178,0.928437176806851,0.701967368226547,sigmoid,64,50,relu,0.01,tanh,0.01,0.6,320,5,binary_crossentropy,nadam,16
0.758203176714554,0.944314505332163,0.696986404722012,sigmoid,64,25,tanh,0.001,tanh,0.01,0.6,64,3,binary_crossentropy,nadam,16
0.758145766908256,0.895080138323888,0.717920497001617,sigmoid,64,50,relu,0.01,relu,0.001,0.6,320,5,binary_crossentropy,nadam,64
0.757622424259248,0.93747342002722,0.708323316101724,sigmoid,64,50,relu,0.01,relu,0.01,0.6,320,5,binary_crossentropy,nadam,64
0.756604590555183,0.947637455994346,0.696449186224504,sigmoid,64,25,relu,0.001,relu,0.01,0.6,64,5,binary_crossentropy,nadam,256
0.754849152829165,0.919278805453112,0.697683459568365,sigmoid,64,50,tanh,0.001,relu,0.01,0.6,64,3,binary_crossentropy,nadam,16
0.751571428183071,0.845453265647309,0.720897516061361,sigmoid,64,25,relu,0.01,relu,0.001,0.6,64,3,binary_crossentropy,nadam,256
0.745814048901478,0.883537407960462,0.728970835037095,sigmoid,64,25,tanh,0.01,tanh,0.001,0.6,320,5,binary_crossentropy,nadam,16
0.744043799637155,0.839895931296706,0.700268945682732,sigmoid,64,50,relu,0.001,tanh,0.001,0.6,320,5,binary_crossentropy,nadam,16
0.739386981676362,0.933250674426844,0.691183115748527,sigmoid,64,50,relu,0.01,tanh,0.01,0.6,64,5,binary_crossentropy,nadam,16
0.738262818413094,0.821039122120621,0.707129032498426,sigmoid,64,50,relu,0.001,tanh,0.001,0.6,320,5,binary_crossentropy,nadam,256
0.735041998761456,0.929175215380174,0.688002782243283,sigmoid,64,50,tanh,0.01,relu,0.001,0.6,320,5,binary_crossentropy,nadam,16
0.731583242130299,0.933295598119824,0.682699947292434,sigmoid,64,25,relu,0.01,relu,0.01,0.6,320,3,binary_crossentropy,nadam,256
0.727407945759371,0.843862853620454,0.689973971268183,sigmoid,64,50,tanh,0.01,relu,0.01,0.6,320,5,binary_crossentropy,nadam,256
0.723522654098183,0.832257894643451,0.682834740297263,sigmoid,64,50,relu,0.01,relu,0.01,0.6,64,5,binary_crossentropy,nadam,16
0.716960545563459,0.916418036850505,0.669376866701978,sigmoid,64,50,relu,0.01,relu,0.001,0.6,320,5,binary_crossentropy,nadam,256
0.692245232576848,0.815380326819857,0.663454558898187,sigmoid,64,25,relu,0.01,relu,0.01,0.6,64,3,binary_crossentropy,nadam,256
0.682794665602399,0.752366560580151,0.669583719179922,sigmoid,64,50,relu,0.001,tanh,0.001,0.6,320,5,binary_crossentropy,nadam,64
0.671499705321687,0.869384226658448,0.723510163710767,sigmoid,64,25,tanh,0.001,relu,0.001,0.6,320,5,binary_crossentropy,nadam,64
